Run,BioSample,LibraryName,refGenome,refPath
SRR1945435,SAMN03326279,SAMN03326279,GCF_000001735.3,REFERENCE/TAIR10_REF.fna
SRR1945436,SAMN03326280,SAMN03326280,GCF_000001735.3,REFERENCE/TAIR10_REF.fna
SRR1945437,SAMN03326281,SAMN03326281,GCF_000001735.3,REFERENCE/TAIR10_REF.fna
SRR1945438,SAMN03326282,SAMN03326282,GCF_000001735.3,REFERENCE/TAIR10_REF.fna
SRR1945439,SAMN03326283,SAMN03326283,GCF_000001735.3,REFERENCE/TAIR10_REF.fna
SRR1945440,SAMN03326284,SAMN03326284,GCF_000001735.3,REFERENCE/TAIR10_REF.fna
SRR1945441,SAMN03326285,SAMN03326285,GCF_000001735.3,REFERENCE/TAIR10_REF.fna
SRR1945442,SAMN03326286,SAMN03326286,GCF_000001735.3,REFERENCE/TAIR10_REF.fna
SRR1945443,SAMN03326287,SAMN03326287,GCF_000001735.3,REFERENCE/TAIR10_REF.fna
SRR1945444,SAMN03326288,SAMN03326288,GCF_000001735.3,REFERENCE/TAIR10_REF.fna
SRR1945445,SAMN03326289,SAMN03326289,GCF_000001735.3,REFERENCE/TAIR10_REF.fna
SRR1945446,SAMN03326290,SAMN03326290,GCF_000001735.3,REFERENCE/TAIR10_REF.fna
SRR1945451,SAMN03326295,SAMN03326295,GCF_000001735.3,REFERENCE/TAIR10_REF.fna
SRR1945453,SAMN03326297,SAMN03326297,GCF_000001735.3,REFERENCE/TAIR10_REF.fna
SRR1945454,SAMN03326298,SAMN03326298,GCF_000001735.3,REFERENCE/TAIR10_REF.fna
SRR1945455,SAMN03326299,SAMN03326299,GCF_000001735.3,REFERENCE/TAIR10_REF.fna
SRR1945456,SAMN03326300,SAMN03326300,GCF_000001735.3,REFERENCE/TAIR10_REF.fna
SRR1945457,SAMN03326301,SAMN03326301,GCF_000001735.3,REFERENCE/TAIR10_REF.fna
SRR1945458,SAMN03326302,SAMN03326302,GCF_000001735.3,REFERENCE/TAIR10_REF.fna
SRR1945459,SAMN03326303,SAMN03326303,GCF_000001735.3,REFERENCE/TAIR10_REF.fna
SRR1945460,SAMN03326304,SAMN03326304,GCF_000001735.3,REFERENCE/TAIR10_REF.fna
SRR1945461,SAMN03326305,SAMN03326305,GCF_000001735.3,REFERENCE/TAIR10_REF.fna
SRR1945463,SAMN03326307,SAMN03326307,GCF_000001735.3,REFERENCE/TAIR10_REF.fna
SRR1945464,SAMN03326308,SAMN03326308,GCF_000001735.3,REFERENCE/TAIR10_REF.fna
SRR1945465,SAMN03326309,SAMN03326309,GCF_000001735.3,REFERENCE/TAIR10_REF.fna
SRR1945466,SAMN03326310,SAMN03326310,GCF_000001735.3,REFERENCE/TAIR10_REF.fna
SRR1945467,SAMN03326311,SAMN03326311,GCF_000001735.3,REFERENCE/TAIR10_REF.fna
SRR1945468,SAMN03326312,SAMN03326312,GCF_000001735.3,REFERENCE/TAIR10_REF.fna
SRR1945469,SAMN03326313,SAMN03326313,GCF_000001735.3,REFERENCE/TAIR10_REF.fna
SRR1945470,SAMN03326314,SAMN03326314,GCF_000001735.3,REFERENCE/TAIR10_REF.fna
SRR1945471,SAMN03326315,SAMN03326315,GCF_000001735.3,REFERENCE/TAIR10_REF.fna
SRR1945472,SAMN03326316,SAMN03326316,GCF_000001735.3,REFERENCE/TAIR10_REF.fna
SRR1945473,SAMN03326317,SAMN03326317,GCF_000001735.3,REFERENCE/TAIR10_REF.fna
SRR1945474,SAMN03326318,SAMN03326318,GCF_000001735.3,REFERENCE/TAIR10_REF.fna
SRR1945475,SAMN03326319,SAMN03326319,GCF_000001735.3,REFERENCE/TAIR10_REF.fna
SRR1945476,SAMN03326320,SAMN03326320,GCF_000001735.3,REFERENCE/TAIR10_REF.fna
SRR1945477,SAMN03326321,SAMN03326321,GCF_000001735.3,REFERENCE/TAIR10_REF.fna
SRR1945478,SAMN03326322,SAMN03326322,GCF_000001735.3,REFERENCE/TAIR10_REF.fna
SRR1945479,SAMN03326323,SAMN03326323,GCF_000001735.3,REFERENCE/TAIR10_REF.fna
SRR1945480,SAMN03326324,SAMN03326324,GCF_000001735.3,REFERENCE/TAIR10_REF.fna
SRR1945481,SAMN03326325,SAMN03326325,GCF_000001735.3,REFERENCE/TAIR10_REF.fna
SRR1945482,SAMN03326326,SAMN03326326,GCF_000001735.3,REFERENCE/TAIR10_REF.fna
SRR1945483,SAMN03326327,SAMN03326327,GCF_000001735.3,REFERENCE/TAIR10_REF.fna
SRR1945484,SAMN03326328,SAMN03326328,GCF_000001735.3,REFERENCE/TAIR10_REF.fna
SRR1945485,SAMN03326329,SAMN03326329,GCF_000001735.3,REFERENCE/TAIR10_REF.fna
SRR1945486,SAMN03326330,SAMN03326330,GCF_000001735.3,REFERENCE/TAIR10_REF.fna
SRR1945487,SAMN03326331,SAMN03326331,GCF_000001735.3,REFERENCE/TAIR10_REF.fna
SRR1945488,SAMN03326332,SAMN03326332,GCF_000001735.3,REFERENCE/TAIR10_REF.fna
SRR1945489,SAMN03326333,SAMN03326333,GCF_000001735.3,REFERENCE/TAIR10_REF.fna
SRR1945490,SAMN03326334,SAMN03326334,GCF_000001735.3,REFERENCE/TAIR10_REF.fna
SRR1945491,SAMN03326335,SAMN03326335,GCF_000001735.3,REFERENCE/TAIR10_REF.fna
SRR1945492,SAMN03326336,SAMN03326336,GCF_000001735.3,REFERENCE/TAIR10_REF.fna
SRR1945493,SAMN03326337,SAMN03326337,GCF_000001735.3,REFERENCE/TAIR10_REF.fna
SRR1945494,SAMN03326338,SAMN03326338,GCF_000001735.3,REFERENCE/TAIR10_REF.fna
SRR1945495,SAMN03326339,SAMN03326339,GCF_000001735.3,REFERENCE/TAIR10_REF.fna
SRR1945496,SAMN03326340,SAMN03326340,GCF_000001735.3,REFERENCE/TAIR10_REF.fna
SRR1945497,SAMN03326341,SAMN03326341,GCF_000001735.3,REFERENCE/TAIR10_REF.fna
SRR1945498,SAMN03326342,SAMN03326342,GCF_000001735.3,REFERENCE/TAIR10_REF.fna
SRR1945501,SAMN03326345,SAMN03326345,GCF_000001735.3,REFERENCE/TAIR10_REF.fna
SRR1945502,SAMN03326346,SAMN03326346,GCF_000001735.3,REFERENCE/TAIR10_REF.fna
SRR1945503,SAMN03326347,SAMN03326347,GCF_000001735.3,REFERENCE/TAIR10_REF.fna
SRR1945504,SAMN03326348,SAMN03326348,GCF_000001735.3,REFERENCE/TAIR10_REF.fna
SRR1945505,SAMN03326349,SAMN03326349,GCF_000001735.3,REFERENCE/TAIR10_REF.fna
SRR1945506,SAMN03326350,SAMN03326350,GCF_000001735.3,REFERENCE/TAIR10_REF.fna
SRR1945507,SAMN03326351,SAMN03326351,GCF_000001735.3,REFERENCE/TAIR10_REF.fna
SRR1945508,SAMN03326352,SAMN03326352,GCF_000001735.3,REFERENCE/TAIR10_REF.fna
SRR1945509,SAMN03326353,SAMN03326353,GCF_000001735.3,REFERENCE/TAIR10_REF.fna
SRR1945510,SAMN03326354,SAMN03326354,GCF_000001735.3,REFERENCE/TAIR10_REF.fna
SRR1945511,SAMN03326355,SAMN03326355,GCF_000001735.3,REFERENCE/TAIR10_REF.fna
SRR1945512,SAMN03326356,SAMN03326356,GCF_000001735.3,REFERENCE/TAIR10_REF.fna
SRR1945513,SAMN03326357,SAMN03326357,GCF_000001735.3,REFERENCE/TAIR10_REF.fna
SRR1945514,SAMN03326358,SAMN03326358,GCF_000001735.3,REFERENCE/TAIR10_REF.fna
SRR1945515,SAMN03326359,SAMN03326359,GCF_000001735.3,REFERENCE/TAIR10_REF.fna
SRR1945518,SAMN03326362,SAMN03326362,GCF_000001735.3,REFERENCE/TAIR10_REF.fna
SRR1945519,SAMN03326363,SAMN03326363,GCF_000001735.3,REFERENCE/TAIR10_REF.fna
SRR1945520,SAMN03326364,SAMN03326364,GCF_000001735.3,REFERENCE/TAIR10_REF.fna
SRR1945521,SAMN03326365,SAMN03326365,GCF_000001735.3,REFERENCE/TAIR10_REF.fna
SRR1945522,SAMN03326366,SAMN03326366,GCF_000001735.3,REFERENCE/TAIR10_REF.fna
SRR1945523,SAMN03326367,SAMN03326367,GCF_000001735.3,REFERENCE/TAIR10_REF.fna
SRR1945527,SAMN03326371,SAMN03326371,GCF_000001735.3,REFERENCE/TAIR10_REF.fna
SRR1945531,SAMN03326375,SAMN03326375,GCF_000001735.3,REFERENCE/TAIR10_REF.fna
SRR1945532,SAMN03326376,SAMN03326376,GCF_000001735.3,REFERENCE/TAIR10_REF.fna
SRR1945533,SAMN03326377,SAMN03326377,GCF_000001735.3,REFERENCE/TAIR10_REF.fna
SRR1945534,SAMN03326378,SAMN03326378,GCF_000001735.3,REFERENCE/TAIR10_REF.fna
SRR1945535,SAMN03326379,SAMN03326379,GCF_000001735.3,REFERENCE/TAIR10_REF.fna
SRR1945536,SAMN03326380,SAMN03326380,GCF_000001735.3,REFERENCE/TAIR10_REF.fna
SRR1945537,SAMN03326381,SAMN03326381,GCF_000001735.3,REFERENCE/TAIR10_REF.fna
SRR1945538,SAMN03326382,SAMN03326382,GCF_000001735.3,REFERENCE/TAIR10_REF.fna
SRR1945539,SAMN03326383,SAMN03326383,GCF_000001735.3,REFERENCE/TAIR10_REF.fna
SRR1945540,SAMN03326384,SAMN03326384,GCF_000001735.3,REFERENCE/TAIR10_REF.fna
SRR1945541,SAMN03326385,SAMN03326385,GCF_000001735.3,REFERENCE/TAIR10_REF.fna
SRR1945544,SAMN03326388,SAMN03326388,GCF_000001735.3,REFERENCE/TAIR10_REF.fna
SRR1945545,SAMN03326389,SAMN03326389,GCF_000001735.3,REFERENCE/TAIR10_REF.fna
SRR1945546,SAMN03326390,SAMN03326390,GCF_000001735.3,REFERENCE/TAIR10_REF.fna
SRR1945547,SAMN03326391,SAMN03326391,GCF_000001735.3,REFERENCE/TAIR10_REF.fna
SRR1945548,SAMN03326392,SAMN03326392,GCF_000001735.3,REFERENCE/TAIR10_REF.fna
SRR1945549,SAMN03326393,SAMN03326393,GCF_000001735.3,REFERENCE/TAIR10_REF.fna
SRR1945550,SAMN03326394,SAMN03326394,GCF_000001735.3,REFERENCE/TAIR10_REF.fna
SRR1945551,SAMN03326395,SAMN03326395,GCF_000001735.3,REFERENCE/TAIR10_REF.fna
SRR1945552,SAMN03326396,SAMN03326396,GCF_000001735.3,REFERENCE/TAIR10_REF.fna
SRR1945553,SAMN03326397,SAMN03326397,GCF_000001735.3,REFERENCE/TAIR10_REF.fna
SRR1945554,SAMN03326398,SAMN03326398,GCF_000001735.3,REFERENCE/TAIR10_REF.fna
SRR1945555,SAMN03326399,SAMN03326399,GCF_000001735.3,REFERENCE/TAIR10_REF.fna
SRR1945556,SAMN03326400,SAMN03326400,GCF_000001735.3,REFERENCE/TAIR10_REF.fna
SRR1945557,SAMN03326401,SAMN03326401,GCF_000001735.3,REFERENCE/TAIR10_REF.fna
SRR1945558,SAMN03326402,SAMN03326402,GCF_000001735.3,REFERENCE/TAIR10_REF.fna
SRR1945559,SAMN03326403,SAMN03326403,GCF_000001735.3,REFERENCE/TAIR10_REF.fna
SRR1945560,SAMN03326404,SAMN03326404,GCF_000001735.3,REFERENCE/TAIR10_REF.fna
SRR1945561,SAMN03326405,SAMN03326405,GCF_000001735.3,REFERENCE/TAIR10_REF.fna
SRR1945562,SAMN03326406,SAMN03326406,GCF_000001735.3,REFERENCE/TAIR10_REF.fna
SRR1945563,SAMN03326407,SAMN03326407,GCF_000001735.3,REFERENCE/TAIR10_REF.fna
SRR1945564,SAMN03326408,SAMN03326408,GCF_000001735.3,REFERENCE/TAIR10_REF.fna
SRR1945565,SAMN03326409,SAMN03326409,GCF_000001735.3,REFERENCE/TAIR10_REF.fna
SRR1945566,SAMN03326410,SAMN03326410,GCF_000001735.3,REFERENCE/TAIR10_REF.fna
SRR1945567,SAMN03326411,SAMN03326411,GCF_000001735.3,REFERENCE/TAIR10_REF.fna
SRR1945568,SAMN03326412,SAMN03326412,GCF_000001735.3,REFERENCE/TAIR10_REF.fna
SRR1945569,SAMN03326413,SAMN03326413,GCF_000001735.3,REFERENCE/TAIR10_REF.fna
SRR1945570,SAMN03326414,SAMN03326414,GCF_000001735.3,REFERENCE/TAIR10_REF.fna
SRR1945571,SAMN03326415,SAMN03326415,GCF_000001735.3,REFERENCE/TAIR10_REF.fna
SRR1945572,SAMN03326416,SAMN03326416,GCF_000001735.3,REFERENCE/TAIR10_REF.fna
SRR1945573,SAMN03326417,SAMN03326417,GCF_000001735.3,REFERENCE/TAIR10_REF.fna
SRR1945574,SAMN03326418,SAMN03326418,GCF_000001735.3,REFERENCE/TAIR10_REF.fna
SRR1945575,SAMN03326419,SAMN03326419,GCF_000001735.3,REFERENCE/TAIR10_REF.fna
SRR1945576,SAMN03326420,SAMN03326420,GCF_000001735.3,REFERENCE/TAIR10_REF.fna
SRR1945577,SAMN03326421,SAMN03326421,GCF_000001735.3,REFERENCE/TAIR10_REF.fna
SRR1945578,SAMN03326422,SAMN03326422,GCF_000001735.3,REFERENCE/TAIR10_REF.fna
SRR1945579,SAMN03326423,SAMN03326423,GCF_000001735.3,REFERENCE/TAIR10_REF.fna
SRR1945580,SAMN03326424,SAMN03326424,GCF_000001735.3,REFERENCE/TAIR10_REF.fna
SRR1945581,SAMN03326425,SAMN03326425,GCF_000001735.3,REFERENCE/TAIR10_REF.fna
SRR1945582,SAMN03326426,SAMN03326426,GCF_000001735.3,REFERENCE/TAIR10_REF.fna
SRR1945583,SAMN03326427,SAMN03326427,GCF_000001735.3,REFERENCE/TAIR10_REF.fna
SRR1945584,SAMN03326428,SAMN03326428,GCF_000001735.3,REFERENCE/TAIR10_REF.fna
SRR1945585,SAMN03326429,SAMN03326429,GCF_000001735.3,REFERENCE/TAIR10_REF.fna
SRR1945586,SAMN03326430,SAMN03326430,GCF_000001735.3,REFERENCE/TAIR10_REF.fna
SRR1945587,SAMN03326431,SAMN03326431,GCF_000001735.3,REFERENCE/TAIR10_REF.fna
SRR1945588,SAMN03326432,SAMN03326432,GCF_000001735.3,REFERENCE/TAIR10_REF.fna
SRR1945589,SAMN03326433,SAMN03326433,GCF_000001735.3,REFERENCE/TAIR10_REF.fna
SRR1945590,SAMN03326434,SAMN03326434,GCF_000001735.3,REFERENCE/TAIR10_REF.fna
SRR1945591,SAMN03326435,SAMN03326435,GCF_000001735.3,REFERENCE/TAIR10_REF.fna
SRR1945592,SAMN03326436,SAMN03326436,GCF_000001735.3,REFERENCE/TAIR10_REF.fna
SRR1945593,SAMN03326437,SAMN03326437,GCF_000001735.3,REFERENCE/TAIR10_REF.fna
SRR1945594,SAMN03326438,SAMN03326438,GCF_000001735.3,REFERENCE/TAIR10_REF.fna
SRR1945595,SAMN03326439,SAMN03326439,GCF_000001735.3,REFERENCE/TAIR10_REF.fna
SRR1945596,SAMN03326440,SAMN03326440,GCF_000001735.3,REFERENCE/TAIR10_REF.fna
SRR1945597,SAMN03326441,SAMN03326441,GCF_000001735.3,REFERENCE/TAIR10_REF.fna
SRR1945598,SAMN03326442,SAMN03326442,GCF_000001735.3,REFERENCE/TAIR10_REF.fna
SRR1945599,SAMN03326443,SAMN03326443,GCF_000001735.3,REFERENCE/TAIR10_REF.fna
SRR1945600,SAMN03326444,SAMN03326444,GCF_000001735.3,REFERENCE/TAIR10_REF.fna
SRR1945601,SAMN03326445,SAMN03326445,GCF_000001735.3,REFERENCE/TAIR10_REF.fna
SRR1945602,SAMN03326446,SAMN03326446,GCF_000001735.3,REFERENCE/TAIR10_REF.fna
SRR1945603,SAMN03326447,SAMN03326447,GCF_000001735.3,REFERENCE/TAIR10_REF.fna
SRR1945604,SAMN03326448,SAMN03326448,GCF_000001735.3,REFERENCE/TAIR10_REF.fna
SRR1945605,SAMN03326449,SAMN03326449,GCF_000001735.3,REFERENCE/TAIR10_REF.fna
SRR1945606,SAMN03326450,SAMN03326450,GCF_000001735.3,REFERENCE/TAIR10_REF.fna
SRR1945607,SAMN03326451,SAMN03326451,GCF_000001735.3,REFERENCE/TAIR10_REF.fna
SRR1945608,SAMN03326452,SAMN03326452,GCF_000001735.3,REFERENCE/TAIR10_REF.fna
SRR1945609,SAMN03326453,SAMN03326453,GCF_000001735.3,REFERENCE/TAIR10_REF.fna
SRR1945610,SAMN03326454,SAMN03326454,GCF_000001735.3,REFERENCE/TAIR10_REF.fna
SRR1945611,SAMN03326455,SAMN03326455,GCF_000001735.3,REFERENCE/TAIR10_REF.fna
SRR1945612,SAMN03326456,SAMN03326456,GCF_000001735.3,REFERENCE/TAIR10_REF.fna
SRR1945613,SAMN03326457,SAMN03326457,GCF_000001735.3,REFERENCE/TAIR10_REF.fna
SRR1945614,SAMN03326458,SAMN03326458,GCF_000001735.3,REFERENCE/TAIR10_REF.fna
SRR1945615,SAMN03326459,SAMN03326459,GCF_000001735.3,REFERENCE/TAIR10_REF.fna
SRR1945616,SAMN03326460,SAMN03326460,GCF_000001735.3,REFERENCE/TAIR10_REF.fna
SRR1945617,SAMN03326461,SAMN03326461,GCF_000001735.3,REFERENCE/TAIR10_REF.fna
SRR1945618,SAMN03326462,SAMN03326462,GCF_000001735.3,REFERENCE/TAIR10_REF.fna
SRR1945619,SAMN03326463,SAMN03326463,GCF_000001735.3,REFERENCE/TAIR10_REF.fna
SRR1945620,SAMN03326464,SAMN03326464,GCF_000001735.3,REFERENCE/TAIR10_REF.fna
SRR1945621,SAMN03326465,SAMN03326465,GCF_000001735.3,REFERENCE/TAIR10_REF.fna
SRR1945622,SAMN03326466,SAMN03326466,GCF_000001735.3,REFERENCE/TAIR10_REF.fna
SRR1945623,SAMN03326467,SAMN03326467,GCF_000001735.3,REFERENCE/TAIR10_REF.fna
SRR1945624,SAMN03326468,SAMN03326468,GCF_000001735.3,REFERENCE/TAIR10_REF.fna
SRR1945625,SAMN03326469,SAMN03326469,GCF_000001735.3,REFERENCE/TAIR10_REF.fna
SRR1945626,SAMN03326470,SAMN03326470,GCF_000001735.3,REFERENCE/TAIR10_REF.fna
SRR1945627,SAMN03326471,SAMN03326471,GCF_000001735.3,REFERENCE/TAIR10_REF.fna
SRR1945628,SAMN03326472,SAMN03326472,GCF_000001735.3,REFERENCE/TAIR10_REF.fna
SRR1945629,SAMN03326473,SAMN03326473,GCF_000001735.3,REFERENCE/TAIR10_REF.fna
SRR1945630,SAMN03326474,SAMN03326474,GCF_000001735.3,REFERENCE/TAIR10_REF.fna
SRR1945631,SAMN03326475,SAMN03326475,GCF_000001735.3,REFERENCE/TAIR10_REF.fna
SRR1945632,SAMN03326476,SAMN03326476,GCF_000001735.3,REFERENCE/TAIR10_REF.fna
SRR1945633,SAMN03326477,SAMN03326477,GCF_000001735.3,REFERENCE/TAIR10_REF.fna
SRR1945634,SAMN03326478,SAMN03326478,GCF_000001735.3,REFERENCE/TAIR10_REF.fna
SRR1945635,SAMN03326479,SAMN03326479,GCF_000001735.3,REFERENCE/TAIR10_REF.fna
SRR1945636,SAMN03326480,SAMN03326480,GCF_000001735.3,REFERENCE/TAIR10_REF.fna
SRR1945637,SAMN03326481,SAMN03326481,GCF_000001735.3,REFERENCE/TAIR10_REF.fna
SRR1945638,SAMN03326482,SAMN03326482,GCF_000001735.3,REFERENCE/TAIR10_REF.fna
SRR1945639,SAMN03326483,SAMN03326483,GCF_000001735.3,REFERENCE/TAIR10_REF.fna
SRR1945640,SAMN03326484,SAMN03326484,GCF_000001735.3,REFERENCE/TAIR10_REF.fna
SRR1945641,SAMN03326485,SAMN03326485,GCF_000001735.3,REFERENCE/TAIR10_REF.fna
SRR1945642,SAMN03326486,SAMN03326486,GCF_000001735.3,REFERENCE/TAIR10_REF.fna
SRR1945643,SAMN03326487,SAMN03326487,GCF_000001735.3,REFERENCE/TAIR10_REF.fna
SRR1945644,SAMN03326488,SAMN03326488,GCF_000001735.3,REFERENCE/TAIR10_REF.fna
SRR1945645,SAMN03326489,SAMN03326489,GCF_000001735.3,REFERENCE/TAIR10_REF.fna
SRR1945646,SAMN03326490,SAMN03326490,GCF_000001735.3,REFERENCE/TAIR10_REF.fna
SRR1945647,SAMN03326491,SAMN03326491,GCF_000001735.3,REFERENCE/TAIR10_REF.fna
SRR1945648,SAMN03326492,SAMN03326492,GCF_000001735.3,REFERENCE/TAIR10_REF.fna
SRR1945649,SAMN03326493,SAMN03326493,GCF_000001735.3,REFERENCE/TAIR10_REF.fna
SRR1945650,SAMN03326494,SAMN03326494,GCF_000001735.3,REFERENCE/TAIR10_REF.fna
SRR1945651,SAMN03326495,SAMN03326495,GCF_000001735.3,REFERENCE/TAIR10_REF.fna
SRR1945652,SAMN03326496,SAMN03326496,GCF_000001735.3,REFERENCE/TAIR10_REF.fna
SRR1945653,SAMN03326497,SAMN03326497,GCF_000001735.3,REFERENCE/TAIR10_REF.fna
SRR1945654,SAMN03326498,SAMN03326498,GCF_000001735.3,REFERENCE/TAIR10_REF.fna
SRR1945655,SAMN03326499,SAMN03326499,GCF_000001735.3,REFERENCE/TAIR10_REF.fna
SRR1945656,SAMN03326500,SAMN03326500,GCF_000001735.3,REFERENCE/TAIR10_REF.fna
SRR1945657,SAMN03326501,SAMN03326501,GCF_000001735.3,REFERENCE/TAIR10_REF.fna
SRR1945658,SAMN03326502,SAMN03326502,GCF_000001735.3,REFERENCE/TAIR10_REF.fna
SRR1945659,SAMN03326503,SAMN03326503,GCF_000001735.3,REFERENCE/TAIR10_REF.fna
SRR1945660,SAMN03326504,SAMN03326504,GCF_000001735.3,REFERENCE/TAIR10_REF.fna
SRR1945661,SAMN03326505,SAMN03326505,GCF_000001735.3,REFERENCE/TAIR10_REF.fna
SRR1945662,SAMN03326506,SAMN03326506,GCF_000001735.3,REFERENCE/TAIR10_REF.fna
SRR1945663,SAMN03326507,SAMN03326507,GCF_000001735.3,REFERENCE/TAIR10_REF.fna
SRR1945664,SAMN03326508,SAMN03326508,GCF_000001735.3,REFERENCE/TAIR10_REF.fna
SRR1945665,SAMN03326509,SAMN03326509,GCF_000001735.3,REFERENCE/TAIR10_REF.fna
SRR1945666,SAMN03326510,SAMN03326510,GCF_000001735.3,REFERENCE/TAIR10_REF.fna
SRR1945667,SAMN03326511,SAMN03326511,GCF_000001735.3,REFERENCE/TAIR10_REF.fna
SRR1945668,SAMN03326512,SAMN03326512,GCF_000001735.3,REFERENCE/TAIR10_REF.fna
SRR1945669,SAMN03326513,SAMN03326513,GCF_000001735.3,REFERENCE/TAIR10_REF.fna
SRR1945670,SAMN03326514,SAMN03326514,GCF_000001735.3,REFERENCE/TAIR10_REF.fna
SRR1945671,SAMN03326515,SAMN03326515,GCF_000001735.3,REFERENCE/TAIR10_REF.fna
SRR1945672,SAMN03326516,SAMN03326516,GCF_000001735.3,REFERENCE/TAIR10_REF.fna
SRR1945673,SAMN03326517,SAMN03326517,GCF_000001735.3,REFERENCE/TAIR10_REF.fna
SRR1945674,SAMN03326518,SAMN03326518,GCF_000001735.3,REFERENCE/TAIR10_REF.fna
SRR1945675,SAMN03326519,SAMN03326519,GCF_000001735.3,REFERENCE/TAIR10_REF.fna
SRR1945676,SAMN03326520,SAMN03326520,GCF_000001735.3,REFERENCE/TAIR10_REF.fna
SRR1945677,SAMN03326521,SAMN03326521,GCF_000001735.3,REFERENCE/TAIR10_REF.fna
SRR1945678,SAMN03326522,SAMN03326522,GCF_000001735.3,REFERENCE/TAIR10_REF.fna
SRR1945679,SAMN03326523,SAMN03326523,GCF_000001735.3,REFERENCE/TAIR10_REF.fna
SRR1945680,SAMN03326524,SAMN03326524,GCF_000001735.3,REFERENCE/TAIR10_REF.fna
SRR1945681,SAMN03326525,SAMN03326525,GCF_000001735.3,REFERENCE/TAIR10_REF.fna
SRR1945682,SAMN03326526,SAMN03326526,GCF_000001735.3,REFERENCE/TAIR10_REF.fna
SRR1945683,SAMN03326527,SAMN03326527,GCF_000001735.3,REFERENCE/TAIR10_REF.fna
SRR1945684,SAMN03326528,SAMN03326528,GCF_000001735.3,REFERENCE/TAIR10_REF.fna
SRR1945685,SAMN03326529,SAMN03326529,GCF_000001735.3,REFERENCE/TAIR10_REF.fna
SRR1945686,SAMN03326530,SAMN03326530,GCF_000001735.3,REFERENCE/TAIR10_REF.fna
SRR1945687,SAMN03326531,SAMN03326531,GCF_000001735.3,REFERENCE/TAIR10_REF.fna
SRR1945688,SAMN03326532,SAMN03326532,GCF_000001735.3,REFERENCE/TAIR10_REF.fna
SRR1945689,SAMN03326533,SAMN03326533,GCF_000001735.3,REFERENCE/TAIR10_REF.fna
SRR1945690,SAMN03326534,SAMN03326534,GCF_000001735.3,REFERENCE/TAIR10_REF.fna
SRR1945691,SAMN03326535,SAMN03326535,GCF_000001735.3,REFERENCE/TAIR10_REF.fna
SRR1945692,SAMN03326536,SAMN03326536,GCF_000001735.3,REFERENCE/TAIR10_REF.fna
SRR1945693,SAMN03326537,SAMN03326537,GCF_000001735.3,REFERENCE/TAIR10_REF.fna
SRR1945694,SAMN03326538,SAMN03326538,GCF_000001735.3,REFERENCE/TAIR10_REF.fna
SRR1945695,SAMN03326539,SAMN03326539,GCF_000001735.3,REFERENCE/TAIR10_REF.fna
SRR1945696,SAMN03326540,SAMN03326540,GCF_000001735.3,REFERENCE/TAIR10_REF.fna
SRR1945697,SAMN03326541,SAMN03326541,GCF_000001735.3,REFERENCE/TAIR10_REF.fna
SRR1945698,SAMN03326542,SAMN03326542,GCF_000001735.3,REFERENCE/TAIR10_REF.fna
SRR1945699,SAMN03326543,SAMN03326543,GCF_000001735.3,REFERENCE/TAIR10_REF.fna
SRR1945700,SAMN03326544,SAMN03326544,GCF_000001735.3,REFERENCE/TAIR10_REF.fna
SRR1945701,SAMN03326545,SAMN03326545,GCF_000001735.3,REFERENCE/TAIR10_REF.fna
SRR1945702,SAMN03326546,SAMN03326546,GCF_000001735.3,REFERENCE/TAIR10_REF.fna
SRR1945703,SAMN03326547,SAMN03326547,GCF_000001735.3,REFERENCE/TAIR10_REF.fna
SRR1945704,SAMN03326548,SAMN03326548,GCF_000001735.3,REFERENCE/TAIR10_REF.fna
SRR1945705,SAMN03326549,SAMN03326549,GCF_000001735.3,REFERENCE/TAIR10_REF.fna
SRR1945706,SAMN03326550,SAMN03326550,GCF_000001735.3,REFERENCE/TAIR10_REF.fna
SRR1945707,SAMN03326551,SAMN03326551,GCF_000001735.3,REFERENCE/TAIR10_REF.fna
SRR1945708,SAMN03326552,SAMN03326552,GCF_000001735.3,REFERENCE/TAIR10_REF.fna
SRR1945709,SAMN03326553,SAMN03326553,GCF_000001735.3,REFERENCE/TAIR10_REF.fna
SRR1945710,SAMN03326554,SAMN03326554,GCF_000001735.3,REFERENCE/TAIR10_REF.fna
SRR1945711,SAMN03326555,SAMN03326555,GCF_000001735.3,REFERENCE/TAIR10_REF.fna
SRR1945712,SAMN03326556,SAMN03326556,GCF_000001735.3,REFERENCE/TAIR10_REF.fna
SRR1945713,SAMN03326557,SAMN03326557,GCF_000001735.3,REFERENCE/TAIR10_REF.fna
SRR1945714,SAMN03326558,SAMN03326558,GCF_000001735.3,REFERENCE/TAIR10_REF.fna
SRR1945715,SAMN03326559,SAMN03326559,GCF_000001735.3,REFERENCE/TAIR10_REF.fna
SRR1945716,SAMN03326560,SAMN03326560,GCF_000001735.3,REFERENCE/TAIR10_REF.fna
SRR1945717,SAMN03326561,SAMN03326561,GCF_000001735.3,REFERENCE/TAIR10_REF.fna
SRR1945718,SAMN03326562,SAMN03326562,GCF_000001735.3,REFERENCE/TAIR10_REF.fna
SRR1945719,SAMN03326563,SAMN03326563,GCF_000001735.3,REFERENCE/TAIR10_REF.fna
SRR1945720,SAMN03326564,SAMN03326564,GCF_000001735.3,REFERENCE/TAIR10_REF.fna
SRR1945721,SAMN03326565,SAMN03326565,GCF_000001735.3,REFERENCE/TAIR10_REF.fna
SRR1945722,SAMN03326566,SAMN03326566,GCF_000001735.3,REFERENCE/TAIR10_REF.fna
SRR1945723,SAMN03326567,SAMN03326567,GCF_000001735.3,REFERENCE/TAIR10_REF.fna
SRR1945724,SAMN03326568,SAMN03326568,GCF_000001735.3,REFERENCE/TAIR10_REF.fna
SRR1945725,SAMN03326569,SAMN03326569,GCF_000001735.3,REFERENCE/TAIR10_REF.fna
SRR1945726,SAMN03326570,SAMN03326570,GCF_000001735.3,REFERENCE/TAIR10_REF.fna
SRR1945727,SAMN03326571,SAMN03326571,GCF_000001735.3,REFERENCE/TAIR10_REF.fna
SRR1945728,SAMN03326572,SAMN03326572,GCF_000001735.3,REFERENCE/TAIR10_REF.fna
SRR1945729,SAMN03326573,SAMN03326573,GCF_000001735.3,REFERENCE/TAIR10_REF.fna
SRR1945730,SAMN03326574,SAMN03326574,GCF_000001735.3,REFERENCE/TAIR10_REF.fna
SRR1945731,SAMN03326575,SAMN03326575,GCF_000001735.3,REFERENCE/TAIR10_REF.fna
SRR1945732,SAMN03326576,SAMN03326576,GCF_000001735.3,REFERENCE/TAIR10_REF.fna
SRR1945733,SAMN03326577,SAMN03326577,GCF_000001735.3,REFERENCE/TAIR10_REF.fna
SRR1945734,SAMN03326578,SAMN03326578,GCF_000001735.3,REFERENCE/TAIR10_REF.fna
SRR1945735,SAMN03326579,SAMN03326579,GCF_000001735.3,REFERENCE/TAIR10_REF.fna
SRR1945736,SAMN03326580,SAMN03326580,GCF_000001735.3,REFERENCE/TAIR10_REF.fna
SRR1945737,SAMN03326581,SAMN03326581,GCF_000001735.3,REFERENCE/TAIR10_REF.fna
SRR1945738,SAMN03326582,SAMN03326582,GCF_000001735.3,REFERENCE/TAIR10_REF.fna
SRR1945739,SAMN03326583,SAMN03326583,GCF_000001735.3,REFERENCE/TAIR10_REF.fna
SRR1945740,SAMN03326584,SAMN03326584,GCF_000001735.3,REFERENCE/TAIR10_REF.fna
SRR1945741,SAMN03326585,SAMN03326585,GCF_000001735.3,REFERENCE/TAIR10_REF.fna
SRR1945742,SAMN03326586,SAMN03326586,GCF_000001735.3,REFERENCE/TAIR10_REF.fna
SRR1945743,SAMN03326587,SAMN03326587,GCF_000001735.3,REFERENCE/TAIR10_REF.fna
SRR1945744,SAMN03326588,SAMN03326588,GCF_000001735.3,REFERENCE/TAIR10_REF.fna
SRR1945745,SAMN03326589,SAMN03326589,GCF_000001735.3,REFERENCE/TAIR10_REF.fna
SRR1945746,SAMN03326590,SAMN03326590,GCF_000001735.3,REFERENCE/TAIR10_REF.fna
SRR1945747,SAMN03326591,SAMN03326591,GCF_000001735.3,REFERENCE/TAIR10_REF.fna
SRR1945748,SAMN03326592,SAMN03326592,GCF_000001735.3,REFERENCE/TAIR10_REF.fna
SRR1945749,SAMN03326593,SAMN03326593,GCF_000001735.3,REFERENCE/TAIR10_REF.fna
SRR1945750,SAMN03326594,SAMN03326594,GCF_000001735.3,REFERENCE/TAIR10_REF.fna
SRR1945751,SAMN03326595,SAMN03326595,GCF_000001735.3,REFERENCE/TAIR10_REF.fna
SRR1945752,SAMN03326596,SAMN03326596,GCF_000001735.3,REFERENCE/TAIR10_REF.fna
SRR1945753,SAMN03326597,SAMN03326597,GCF_000001735.3,REFERENCE/TAIR10_REF.fna
SRR1945754,SAMN03326598,SAMN03326598,GCF_000001735.3,REFERENCE/TAIR10_REF.fna
SRR1945755,SAMN03326599,SAMN03326599,GCF_000001735.3,REFERENCE/TAIR10_REF.fna
SRR1945756,SAMN03326600,SAMN03326600,GCF_000001735.3,REFERENCE/TAIR10_REF.fna
SRR1945757,SAMN03326601,SAMN03326601,GCF_000001735.3,REFERENCE/TAIR10_REF.fna
SRR1945758,SAMN03326602,SAMN03326602,GCF_000001735.3,REFERENCE/TAIR10_REF.fna
SRR1945759,SAMN03326603,SAMN03326603,GCF_000001735.3,REFERENCE/TAIR10_REF.fna
SRR1945760,SAMN03326604,SAMN03326604,GCF_000001735.3,REFERENCE/TAIR10_REF.fna
SRR1945761,SAMN03326605,SAMN03326605,GCF_000001735.3,REFERENCE/TAIR10_REF.fna
SRR1945762,SAMN03326606,SAMN03326606,GCF_000001735.3,REFERENCE/TAIR10_REF.fna
SRR1945763,SAMN03326607,SAMN03326607,GCF_000001735.3,REFERENCE/TAIR10_REF.fna
SRR1945764,SAMN03326608,SAMN03326608,GCF_000001735.3,REFERENCE/TAIR10_REF.fna
SRR1945765,SAMN03326609,SAMN03326609,GCF_000001735.3,REFERENCE/TAIR10_REF.fna
SRR1945766,SAMN03326610,SAMN03326610,GCF_000001735.3,REFERENCE/TAIR10_REF.fna
SRR1945767,SAMN03326611,SAMN03326611,GCF_000001735.3,REFERENCE/TAIR10_REF.fna
SRR1945768,SAMN03326612,SAMN03326612,GCF_000001735.3,REFERENCE/TAIR10_REF.fna
SRR1945769,SAMN03326613,SAMN03326613,GCF_000001735.3,REFERENCE/TAIR10_REF.fna
SRR1945770,SAMN03326614,SAMN03326614,GCF_000001735.3,REFERENCE/TAIR10_REF.fna
SRR1945771,SAMN03326615,SAMN03326615,GCF_000001735.3,REFERENCE/TAIR10_REF.fna
SRR1945772,SAMN03326616,SAMN03326616,GCF_000001735.3,REFERENCE/TAIR10_REF.fna
SRR1945773,SAMN03326617,SAMN03326617,GCF_000001735.3,REFERENCE/TAIR10_REF.fna
SRR1945774,SAMN03326618,SAMN03326618,GCF_000001735.3,REFERENCE/TAIR10_REF.fna
SRR1945775,SAMN03326619,SAMN03326619,GCF_000001735.3,REFERENCE/TAIR10_REF.fna
SRR1945776,SAMN03326620,SAMN03326620,GCF_000001735.3,REFERENCE/TAIR10_REF.fna
SRR1945777,SAMN03326621,SAMN03326621,GCF_000001735.3,REFERENCE/TAIR10_REF.fna
SRR1945778,SAMN03326622,SAMN03326622,GCF_000001735.3,REFERENCE/TAIR10_REF.fna
SRR1945779,SAMN03326623,SAMN03326623,GCF_000001735.3,REFERENCE/TAIR10_REF.fna
SRR1945780,SAMN03326624,SAMN03326624,GCF_000001735.3,REFERENCE/TAIR10_REF.fna
SRR1945781,SAMN03326625,SAMN03326625,GCF_000001735.3,REFERENCE/TAIR10_REF.fna
SRR1945782,SAMN03326626,SAMN03326626,GCF_000001735.3,REFERENCE/TAIR10_REF.fna
SRR1945783,SAMN03326627,SAMN03326627,GCF_000001735.3,REFERENCE/TAIR10_REF.fna
SRR1945784,SAMN03326628,SAMN03326628,GCF_000001735.3,REFERENCE/TAIR10_REF.fna
SRR1945785,SAMN03326629,SAMN03326629,GCF_000001735.3,REFERENCE/TAIR10_REF.fna
SRR1945786,SAMN03326630,SAMN03326630,GCF_000001735.3,REFERENCE/TAIR10_REF.fna
SRR1945787,SAMN03326631,SAMN03326631,GCF_000001735.3,REFERENCE/TAIR10_REF.fna
SRR1945788,SAMN03326632,SAMN03326632,GCF_000001735.3,REFERENCE/TAIR10_REF.fna
SRR1945789,SAMN03326633,SAMN03326633,GCF_000001735.3,REFERENCE/TAIR10_REF.fna
SRR1945790,SAMN03326634,SAMN03326634,GCF_000001735.3,REFERENCE/TAIR10_REF.fna
SRR1945791,SAMN03326635,SAMN03326635,GCF_000001735.3,REFERENCE/TAIR10_REF.fna
SRR1945792,SAMN03326636,SAMN03326636,GCF_000001735.3,REFERENCE/TAIR10_REF.fna
SRR1945793,SAMN03326637,SAMN03326637,GCF_000001735.3,REFERENCE/TAIR10_REF.fna
SRR1945794,SAMN03326638,SAMN03326638,GCF_000001735.3,REFERENCE/TAIR10_REF.fna
SRR1945795,SAMN03326639,SAMN03326639,GCF_000001735.3,REFERENCE/TAIR10_REF.fna
SRR1945796,SAMN03326640,SAMN03326640,GCF_000001735.3,REFERENCE/TAIR10_REF.fna
SRR1945797,SAMN03326641,SAMN03326641,GCF_000001735.3,REFERENCE/TAIR10_REF.fna
SRR1945798,SAMN03326642,SAMN03326642,GCF_000001735.3,REFERENCE/TAIR10_REF.fna
SRR1945799,SAMN03326643,SAMN03326643,GCF_000001735.3,REFERENCE/TAIR10_REF.fna
SRR1945800,SAMN03326644,SAMN03326644,GCF_000001735.3,REFERENCE/TAIR10_REF.fna
SRR1945801,SAMN03326645,SAMN03326645,GCF_000001735.3,REFERENCE/TAIR10_REF.fna
SRR1945802,SAMN03326646,SAMN03326646,GCF_000001735.3,REFERENCE/TAIR10_REF.fna
SRR1945803,SAMN03326647,SAMN03326647,GCF_000001735.3,REFERENCE/TAIR10_REF.fna
SRR1945804,SAMN03326648,SAMN03326648,GCF_000001735.3,REFERENCE/TAIR10_REF.fna
SRR1945805,SAMN03326649,SAMN03326649,GCF_000001735.3,REFERENCE/TAIR10_REF.fna
SRR1945806,SAMN03326650,SAMN03326650,GCF_000001735.3,REFERENCE/TAIR10_REF.fna
SRR1945807,SAMN03326651,SAMN03326651,GCF_000001735.3,REFERENCE/TAIR10_REF.fna
SRR1945808,SAMN03326652,SAMN03326652,GCF_000001735.3,REFERENCE/TAIR10_REF.fna
SRR1945809,SAMN03326653,SAMN03326653,GCF_000001735.3,REFERENCE/TAIR10_REF.fna
SRR1945810,SAMN03326654,SAMN03326654,GCF_000001735.3,REFERENCE/TAIR10_REF.fna
SRR1945811,SAMN03326655,SAMN03326655,GCF_000001735.3,REFERENCE/TAIR10_REF.fna
SRR1945812,SAMN03326656,SAMN03326656,GCF_000001735.3,REFERENCE/TAIR10_REF.fna
SRR1945813,SAMN03326657,SAMN03326657,GCF_000001735.3,REFERENCE/TAIR10_REF.fna
SRR1945814,SAMN03326658,SAMN03326658,GCF_000001735.3,REFERENCE/TAIR10_REF.fna
SRR1945815,SAMN03326659,SAMN03326659,GCF_000001735.3,REFERENCE/TAIR10_REF.fna
SRR1945816,SAMN03326660,SAMN03326660,GCF_000001735.3,REFERENCE/TAIR10_REF.fna
SRR1945817,SAMN03326661,SAMN03326661,GCF_000001735.3,REFERENCE/TAIR10_REF.fna
SRR1945818,SAMN03326662,SAMN03326662,GCF_000001735.3,REFERENCE/TAIR10_REF.fna
SRR1945820,SAMN03326664,SAMN03326664,GCF_000001735.3,REFERENCE/TAIR10_REF.fna
SRR1945821,SAMN03326665,SAMN03326665,GCF_000001735.3,REFERENCE/TAIR10_REF.fna
SRR1945822,SAMN03326666,SAMN03326666,GCF_000001735.3,REFERENCE/TAIR10_REF.fna
SRR1945823,SAMN03326667,SAMN03326667,GCF_000001735.3,REFERENCE/TAIR10_REF.fna
SRR1945824,SAMN03326668,SAMN03326668,GCF_000001735.3,REFERENCE/TAIR10_REF.fna
SRR1945825,SAMN03326669,SAMN03326669,GCF_000001735.3,REFERENCE/TAIR10_REF.fna
SRR1945826,SAMN03326670,SAMN03326670,GCF_000001735.3,REFERENCE/TAIR10_REF.fna
SRR1945827,SAMN03326671,SAMN03326671,GCF_000001735.3,REFERENCE/TAIR10_REF.fna
SRR1945828,SAMN03326672,SAMN03326672,GCF_000001735.3,REFERENCE/TAIR10_REF.fna
SRR1945829,SAMN03326673,SAMN03326673,GCF_000001735.3,REFERENCE/TAIR10_REF.fna
SRR1945830,SAMN03326674,SAMN03326674,GCF_000001735.3,REFERENCE/TAIR10_REF.fna
SRR1945831,SAMN03326675,SAMN03326675,GCF_000001735.3,REFERENCE/TAIR10_REF.fna
SRR1945832,SAMN03326676,SAMN03326676,GCF_000001735.3,REFERENCE/TAIR10_REF.fna
SRR1945833,SAMN03326677,SAMN03326677,GCF_000001735.3,REFERENCE/TAIR10_REF.fna
SRR1945834,SAMN03326678,SAMN03326678,GCF_000001735.3,REFERENCE/TAIR10_REF.fna
SRR1945835,SAMN03326679,SAMN03326679,GCF_000001735.3,REFERENCE/TAIR10_REF.fna
SRR1945836,SAMN03326680,SAMN03326680,GCF_000001735.3,REFERENCE/TAIR10_REF.fna
SRR1945837,SAMN03326681,SAMN03326681,GCF_000001735.3,REFERENCE/TAIR10_REF.fna
SRR1945838,SAMN03326682,SAMN03326682,GCF_000001735.3,REFERENCE/TAIR10_REF.fna
SRR1945839,SAMN03326683,SAMN03326683,GCF_000001735.3,REFERENCE/TAIR10_REF.fna
SRR1945840,SAMN03326684,SAMN03326684,GCF_000001735.3,REFERENCE/TAIR10_REF.fna
SRR1945841,SAMN03326685,SAMN03326685,GCF_000001735.3,REFERENCE/TAIR10_REF.fna
SRR1945842,SAMN03326686,SAMN03326686,GCF_000001735.3,REFERENCE/TAIR10_REF.fna
SRR1945843,SAMN03326687,SAMN03326687,GCF_000001735.3,REFERENCE/TAIR10_REF.fna
SRR1945844,SAMN03326688,SAMN03326688,GCF_000001735.3,REFERENCE/TAIR10_REF.fna
SRR1945845,SAMN03326689,SAMN03326689,GCF_000001735.3,REFERENCE/TAIR10_REF.fna
SRR1945846,SAMN03326690,SAMN03326690,GCF_000001735.3,REFERENCE/TAIR10_REF.fna
SRR1945847,SAMN03326691,SAMN03326691,GCF_000001735.3,REFERENCE/TAIR10_REF.fna
SRR1945848,SAMN03326692,SAMN03326692,GCF_000001735.3,REFERENCE/TAIR10_REF.fna
SRR1945849,SAMN03326693,SAMN03326693,GCF_000001735.3,REFERENCE/TAIR10_REF.fna
SRR1945850,SAMN03326694,SAMN03326694,GCF_000001735.3,REFERENCE/TAIR10_REF.fna
SRR1945851,SAMN03326695,SAMN03326695,GCF_000001735.3,REFERENCE/TAIR10_REF.fna
SRR1945852,SAMN03326696,SAMN03326696,GCF_000001735.3,REFERENCE/TAIR10_REF.fna
SRR1945853,SAMN03326697,SAMN03326697,GCF_000001735.3,REFERENCE/TAIR10_REF.fna
SRR1945854,SAMN03326698,SAMN03326698,GCF_000001735.3,REFERENCE/TAIR10_REF.fna
SRR1945855,SAMN03326699,SAMN03326699,GCF_000001735.3,REFERENCE/TAIR10_REF.fna
SRR1945856,SAMN03326700,SAMN03326700,GCF_000001735.3,REFERENCE/TAIR10_REF.fna
SRR1945857,SAMN03326701,SAMN03326701,GCF_000001735.3,REFERENCE/TAIR10_REF.fna
SRR1945858,SAMN03326702,SAMN03326702,GCF_000001735.3,REFERENCE/TAIR10_REF.fna
SRR1945859,SAMN03326703,SAMN03326703,GCF_000001735.3,REFERENCE/TAIR10_REF.fna
SRR1945860,SAMN03326704,SAMN03326704,GCF_000001735.3,REFERENCE/TAIR10_REF.fna
SRR1945861,SAMN03326705,SAMN03326705,GCF_000001735.3,REFERENCE/TAIR10_REF.fna
SRR1945862,SAMN03326706,SAMN03326706,GCF_000001735.3,REFERENCE/TAIR10_REF.fna
SRR1945863,SAMN03326707,SAMN03326707,GCF_000001735.3,REFERENCE/TAIR10_REF.fna
SRR1945864,SAMN03326708,SAMN03326708,GCF_000001735.3,REFERENCE/TAIR10_REF.fna
SRR1945865,SAMN03326709,SAMN03326709,GCF_000001735.3,REFERENCE/TAIR10_REF.fna
SRR1945866,SAMN03326710,SAMN03326710,GCF_000001735.3,REFERENCE/TAIR10_REF.fna
SRR1945867,SAMN03326711,SAMN03326711,GCF_000001735.3,REFERENCE/TAIR10_REF.fna
SRR1945868,SAMN03326712,SAMN03326712,GCF_000001735.3,REFERENCE/TAIR10_REF.fna
SRR1945869,SAMN03326713,SAMN03326713,GCF_000001735.3,REFERENCE/TAIR10_REF.fna
SRR1945870,SAMN03326714,SAMN03326714,GCF_000001735.3,REFERENCE/TAIR10_REF.fna
SRR1945871,SAMN03326715,SAMN03326715,GCF_000001735.3,REFERENCE/TAIR10_REF.fna
SRR1945872,SAMN03326716,SAMN03326716,GCF_000001735.3,REFERENCE/TAIR10_REF.fna
SRR1945873,SAMN03326717,SAMN03326717,GCF_000001735.3,REFERENCE/TAIR10_REF.fna
SRR1945874,SAMN03326718,SAMN03326718,GCF_000001735.3,REFERENCE/TAIR10_REF.fna
SRR1945875,SAMN03326719,SAMN03326719,GCF_000001735.3,REFERENCE/TAIR10_REF.fna
SRR1945876,SAMN03326720,SAMN03326720,GCF_000001735.3,REFERENCE/TAIR10_REF.fna
SRR1945877,SAMN03326721,SAMN03326721,GCF_000001735.3,REFERENCE/TAIR10_REF.fna
SRR1945878,SAMN03326722,SAMN03326722,GCF_000001735.3,REFERENCE/TAIR10_REF.fna
SRR1945879,SAMN03326723,SAMN03326723,GCF_000001735.3,REFERENCE/TAIR10_REF.fna
SRR1945880,SAMN03326724,SAMN03326724,GCF_000001735.3,REFERENCE/TAIR10_REF.fna
SRR1945881,SAMN03326725,SAMN03326725,GCF_000001735.3,REFERENCE/TAIR10_REF.fna
SRR1945882,SAMN03326726,SAMN03326726,GCF_000001735.3,REFERENCE/TAIR10_REF.fna
SRR1945883,SAMN03326727,SAMN03326727,GCF_000001735.3,REFERENCE/TAIR10_REF.fna
SRR1945884,SAMN03326728,SAMN03326728,GCF_000001735.3,REFERENCE/TAIR10_REF.fna
SRR1945885,SAMN03326729,SAMN03326729,GCF_000001735.3,REFERENCE/TAIR10_REF.fna
SRR1945886,SAMN03326730,SAMN03326730,GCF_000001735.3,REFERENCE/TAIR10_REF.fna
SRR1945887,SAMN03326731,SAMN03326731,GCF_000001735.3,REFERENCE/TAIR10_REF.fna
SRR1945888,SAMN03326732,SAMN03326732,GCF_000001735.3,REFERENCE/TAIR10_REF.fna
SRR1945889,SAMN03326733,SAMN03326733,GCF_000001735.3,REFERENCE/TAIR10_REF.fna
SRR1945890,SAMN03326734,SAMN03326734,GCF_000001735.3,REFERENCE/TAIR10_REF.fna
SRR1945891,SAMN03326735,SAMN03326735,GCF_000001735.3,REFERENCE/TAIR10_REF.fna
SRR1945892,SAMN03326736,SAMN03326736,GCF_000001735.3,REFERENCE/TAIR10_REF.fna
SRR1945893,SAMN03326737,SAMN03326737,GCF_000001735.3,REFERENCE/TAIR10_REF.fna
SRR1945894,SAMN03326738,SAMN03326738,GCF_000001735.3,REFERENCE/TAIR10_REF.fna
SRR1945895,SAMN03326739,SAMN03326739,GCF_000001735.3,REFERENCE/TAIR10_REF.fna
SRR1945896,SAMN03326740,SAMN03326740,GCF_000001735.3,REFERENCE/TAIR10_REF.fna
SRR1945897,SAMN03326741,SAMN03326741,GCF_000001735.3,REFERENCE/TAIR10_REF.fna
SRR1945898,SAMN03326742,SAMN03326742,GCF_000001735.3,REFERENCE/TAIR10_REF.fna
SRR1945899,SAMN03326743,SAMN03326743,GCF_000001735.3,REFERENCE/TAIR10_REF.fna
SRR1945900,SAMN03326744,SAMN03326744,GCF_000001735.3,REFERENCE/TAIR10_REF.fna
SRR1945901,SAMN03326745,SAMN03326745,GCF_000001735.3,REFERENCE/TAIR10_REF.fna
SRR1945902,SAMN03326746,SAMN03326746,GCF_000001735.3,REFERENCE/TAIR10_REF.fna
SRR1945903,SAMN03326747,SAMN03326747,GCF_000001735.3,REFERENCE/TAIR10_REF.fna
SRR1945904,SAMN03326748,SAMN03326748,GCF_000001735.3,REFERENCE/TAIR10_REF.fna
SRR1945905,SAMN03326749,SAMN03326749,GCF_000001735.3,REFERENCE/TAIR10_REF.fna
SRR1945906,SAMN03326750,SAMN03326750,GCF_000001735.3,REFERENCE/TAIR10_REF.fna
SRR1945907,SAMN03326751,SAMN03326751,GCF_000001735.3,REFERENCE/TAIR10_REF.fna
SRR1945908,SAMN03326752,SAMN03326752,GCF_000001735.3,REFERENCE/TAIR10_REF.fna
SRR1945909,SAMN03326753,SAMN03326753,GCF_000001735.3,REFERENCE/TAIR10_REF.fna
SRR1945910,SAMN03326754,SAMN03326754,GCF_000001735.3,REFERENCE/TAIR10_REF.fna
SRR1945911,SAMN03326755,SAMN03326755,GCF_000001735.3,REFERENCE/TAIR10_REF.fna
SRR1945912,SAMN03326756,SAMN03326756,GCF_000001735.3,REFERENCE/TAIR10_REF.fna
SRR1945913,SAMN03326757,SAMN03326757,GCF_000001735.3,REFERENCE/TAIR10_REF.fna
SRR1945914,SAMN03326758,SAMN03326758,GCF_000001735.3,REFERENCE/TAIR10_REF.fna
SRR1945915,SAMN03326759,SAMN03326759,GCF_000001735.3,REFERENCE/TAIR10_REF.fna
SRR1945916,SAMN03326760,SAMN03326760,GCF_000001735.3,REFERENCE/TAIR10_REF.fna
SRR1945917,SAMN03326761,SAMN03326761,GCF_000001735.3,REFERENCE/TAIR10_REF.fna
SRR1945918,SAMN03326762,SAMN03326762,GCF_000001735.3,REFERENCE/TAIR10_REF.fna
SRR1945919,SAMN03326763,SAMN03326763,GCF_000001735.3,REFERENCE/TAIR10_REF.fna
SRR1945920,SAMN03326764,SAMN03326764,GCF_000001735.3,REFERENCE/TAIR10_REF.fna
SRR1945921,SAMN03326765,SAMN03326765,GCF_000001735.3,REFERENCE/TAIR10_REF.fna
SRR1945922,SAMN03326766,SAMN03326766,GCF_000001735.3,REFERENCE/TAIR10_REF.fna
SRR1945923,SAMN03326767,SAMN03326767,GCF_000001735.3,REFERENCE/TAIR10_REF.fna
SRR1945924,SAMN03326768,SAMN03326768,GCF_000001735.3,REFERENCE/TAIR10_REF.fna
SRR1945925,SAMN03326769,SAMN03326769,GCF_000001735.3,REFERENCE/TAIR10_REF.fna
SRR1945926,SAMN03326770,SAMN03326770,GCF_000001735.3,REFERENCE/TAIR10_REF.fna
SRR1945927,SAMN03326771,SAMN03326771,GCF_000001735.3,REFERENCE/TAIR10_REF.fna
SRR1945928,SAMN03326772,SAMN03326772,GCF_000001735.3,REFERENCE/TAIR10_REF.fna
SRR1945929,SAMN03326773,SAMN03326773,GCF_000001735.3,REFERENCE/TAIR10_REF.fna
SRR1945930,SAMN03326774,SAMN03326774,GCF_000001735.3,REFERENCE/TAIR10_REF.fna
SRR1945931,SAMN03326775,SAMN03326775,GCF_000001735.3,REFERENCE/TAIR10_REF.fna
SRR1945932,SAMN03326776,SAMN03326776,GCF_000001735.3,REFERENCE/TAIR10_REF.fna
SRR1945933,SAMN03326777,SAMN03326777,GCF_000001735.3,REFERENCE/TAIR10_REF.fna
SRR1945934,SAMN03326778,SAMN03326778,GCF_000001735.3,REFERENCE/TAIR10_REF.fna
SRR1945935,SAMN03326779,SAMN03326779,GCF_000001735.3,REFERENCE/TAIR10_REF.fna
SRR1945936,SAMN03326780,SAMN03326780,GCF_000001735.3,REFERENCE/TAIR10_REF.fna
SRR1945937,SAMN03326781,SAMN03326781,GCF_000001735.3,REFERENCE/TAIR10_REF.fna
SRR1945938,SAMN03326782,SAMN03326782,GCF_000001735.3,REFERENCE/TAIR10_REF.fna
SRR1945939,SAMN03326783,SAMN03326783,GCF_000001735.3,REFERENCE/TAIR10_REF.fna
SRR1945940,SAMN03326784,SAMN03326784,GCF_000001735.3,REFERENCE/TAIR10_REF.fna
SRR1945941,SAMN03326785,SAMN03326785,GCF_000001735.3,REFERENCE/TAIR10_REF.fna
SRR1945942,SAMN03326786,SAMN03326786,GCF_000001735.3,REFERENCE/TAIR10_REF.fna
SRR1945943,SAMN03326787,SAMN03326787,GCF_000001735.3,REFERENCE/TAIR10_REF.fna
SRR1945944,SAMN03326788,SAMN03326788,GCF_000001735.3,REFERENCE/TAIR10_REF.fna
SRR1945945,SAMN03326789,SAMN03326789,GCF_000001735.3,REFERENCE/TAIR10_REF.fna
SRR1945946,SAMN03326790,SAMN03326790,GCF_000001735.3,REFERENCE/TAIR10_REF.fna
SRR1945947,SAMN03326791,SAMN03326791,GCF_000001735.3,REFERENCE/TAIR10_REF.fna
SRR1945948,SAMN03326792,SAMN03326792,GCF_000001735.3,REFERENCE/TAIR10_REF.fna
SRR1945949,SAMN03326793,SAMN03326793,GCF_000001735.3,REFERENCE/TAIR10_REF.fna
SRR1945950,SAMN03326794,SAMN03326794,GCF_000001735.3,REFERENCE/TAIR10_REF.fna
SRR1945951,SAMN03326795,SAMN03326795,GCF_000001735.3,REFERENCE/TAIR10_REF.fna
SRR1945952,SAMN03326796,SAMN03326796,GCF_000001735.3,REFERENCE/TAIR10_REF.fna
SRR1945953,SAMN03326797,SAMN03326797,GCF_000001735.3,REFERENCE/TAIR10_REF.fna
SRR1945954,SAMN03326798,SAMN03326798,GCF_000001735.3,REFERENCE/TAIR10_REF.fna
SRR1945955,SAMN03326799,SAMN03326799,GCF_000001735.3,REFERENCE/TAIR10_REF.fna
SRR1945956,SAMN03326800,SAMN03326800,GCF_000001735.3,REFERENCE/TAIR10_REF.fna
SRR1945957,SAMN03326801,SAMN03326801,GCF_000001735.3,REFERENCE/TAIR10_REF.fna
SRR1945958,SAMN03326802,SAMN03326802,GCF_000001735.3,REFERENCE/TAIR10_REF.fna
SRR1945959,SAMN03326803,SAMN03326803,GCF_000001735.3,REFERENCE/TAIR10_REF.fna
SRR1945960,SAMN03326804,SAMN03326804,GCF_000001735.3,REFERENCE/TAIR10_REF.fna
SRR1945961,SAMN03326805,SAMN03326805,GCF_000001735.3,REFERENCE/TAIR10_REF.fna
SRR1945962,SAMN03326806,SAMN03326806,GCF_000001735.3,REFERENCE/TAIR10_REF.fna
SRR1945963,SAMN03326807,SAMN03326807,GCF_000001735.3,REFERENCE/TAIR10_REF.fna
SRR1945964,SAMN03326808,SAMN03326808,GCF_000001735.3,REFERENCE/TAIR10_REF.fna
SRR1945965,SAMN03326809,SAMN03326809,GCF_000001735.3,REFERENCE/TAIR10_REF.fna
SRR1945966,SAMN03326810,SAMN03326810,GCF_000001735.3,REFERENCE/TAIR10_REF.fna
SRR1945967,SAMN03326811,SAMN03326811,GCF_000001735.3,REFERENCE/TAIR10_REF.fna
SRR1945968,SAMN03326812,SAMN03326812,GCF_000001735.3,REFERENCE/TAIR10_REF.fna
SRR1945969,SAMN03326813,SAMN03326813,GCF_000001735.3,REFERENCE/TAIR10_REF.fna
SRR1945970,SAMN03326814,SAMN03326814,GCF_000001735.3,REFERENCE/TAIR10_REF.fna
SRR1945971,SAMN03326815,SAMN03326815,GCF_000001735.3,REFERENCE/TAIR10_REF.fna
SRR1945972,SAMN03326816,SAMN03326816,GCF_000001735.3,REFERENCE/TAIR10_REF.fna
SRR1945973,SAMN03326817,SAMN03326817,GCF_000001735.3,REFERENCE/TAIR10_REF.fna
SRR1945974,SAMN03326818,SAMN03326818,GCF_000001735.3,REFERENCE/TAIR10_REF.fna
SRR1945975,SAMN03326819,SAMN03326819,GCF_000001735.3,REFERENCE/TAIR10_REF.fna
SRR1945976,SAMN03326820,SAMN03326820,GCF_000001735.3,REFERENCE/TAIR10_REF.fna
SRR1945977,SAMN03326821,SAMN03326821,GCF_000001735.3,REFERENCE/TAIR10_REF.fna
SRR1945978,SAMN03326822,SAMN03326822,GCF_000001735.3,REFERENCE/TAIR10_REF.fna
SRR1945979,SAMN03326823,SAMN03326823,GCF_000001735.3,REFERENCE/TAIR10_REF.fna
SRR1945980,SAMN03326824,SAMN03326824,GCF_000001735.3,REFERENCE/TAIR10_REF.fna
SRR1945981,SAMN03326825,SAMN03326825,GCF_000001735.3,REFERENCE/TAIR10_REF.fna
SRR1945982,SAMN03326826,SAMN03326826,GCF_000001735.3,REFERENCE/TAIR10_REF.fna
SRR1945983,SAMN03326827,SAMN03326827,GCF_000001735.3,REFERENCE/TAIR10_REF.fna
SRR1945984,SAMN03326828,SAMN03326828,GCF_000001735.3,REFERENCE/TAIR10_REF.fna
SRR1945985,SAMN03326829,SAMN03326829,GCF_000001735.3,REFERENCE/TAIR10_REF.fna
SRR1945986,SAMN03326830,SAMN03326830,GCF_000001735.3,REFERENCE/TAIR10_REF.fna
SRR1945987,SAMN03326831,SAMN03326831,GCF_000001735.3,REFERENCE/TAIR10_REF.fna
SRR1945988,SAMN03326832,SAMN03326832,GCF_000001735.3,REFERENCE/TAIR10_REF.fna
SRR1945989,SAMN03326833,SAMN03326833,GCF_000001735.3,REFERENCE/TAIR10_REF.fna
SRR1945990,SAMN03326834,SAMN03326834,GCF_000001735.3,REFERENCE/TAIR10_REF.fna
SRR1945991,SAMN03326835,SAMN03326835,GCF_000001735.3,REFERENCE/TAIR10_REF.fna
SRR1945992,SAMN03326836,SAMN03326836,GCF_000001735.3,REFERENCE/TAIR10_REF.fna
SRR1945993,SAMN03326837,SAMN03326837,GCF_000001735.3,REFERENCE/TAIR10_REF.fna
SRR1945994,SAMN03326838,SAMN03326838,GCF_000001735.3,REFERENCE/TAIR10_REF.fna
SRR1945995,SAMN03326839,SAMN03326839,GCF_000001735.3,REFERENCE/TAIR10_REF.fna
SRR1945996,SAMN03326840,SAMN03326840,GCF_000001735.3,REFERENCE/TAIR10_REF.fna
SRR1945997,SAMN03326841,SAMN03326841,GCF_000001735.3,REFERENCE/TAIR10_REF.fna
SRR1945998,SAMN03326842,SAMN03326842,GCF_000001735.3,REFERENCE/TAIR10_REF.fna
SRR1945999,SAMN03326843,SAMN03326843,GCF_000001735.3,REFERENCE/TAIR10_REF.fna
SRR1946000,SAMN03326844,SAMN03326844,GCF_000001735.3,REFERENCE/TAIR10_REF.fna
SRR1946001,SAMN03326845,SAMN03326845,GCF_000001735.3,REFERENCE/TAIR10_REF.fna
SRR1946002,SAMN03326846,SAMN03326846,GCF_000001735.3,REFERENCE/TAIR10_REF.fna
SRR1946003,SAMN03326847,SAMN03326847,GCF_000001735.3,REFERENCE/TAIR10_REF.fna
SRR1946004,SAMN03326848,SAMN03326848,GCF_000001735.3,REFERENCE/TAIR10_REF.fna
SRR1946005,SAMN03326849,SAMN03326849,GCF_000001735.3,REFERENCE/TAIR10_REF.fna
SRR1946006,SAMN03326850,SAMN03326850,GCF_000001735.3,REFERENCE/TAIR10_REF.fna
SRR1946007,SAMN03326851,SAMN03326851,GCF_000001735.3,REFERENCE/TAIR10_REF.fna
SRR1946008,SAMN03326852,SAMN03326852,GCF_000001735.3,REFERENCE/TAIR10_REF.fna
SRR1946009,SAMN03326853,SAMN03326853,GCF_000001735.3,REFERENCE/TAIR10_REF.fna
SRR1946010,SAMN03326854,SAMN03326854,GCF_000001735.3,REFERENCE/TAIR10_REF.fna
SRR1946011,SAMN03326855,SAMN03326855,GCF_000001735.3,REFERENCE/TAIR10_REF.fna
SRR1946012,SAMN03326856,SAMN03326856,GCF_000001735.3,REFERENCE/TAIR10_REF.fna
SRR1946013,SAMN03326857,SAMN03326857,GCF_000001735.3,REFERENCE/TAIR10_REF.fna
SRR1946014,SAMN03326858,SAMN03326858,GCF_000001735.3,REFERENCE/TAIR10_REF.fna
SRR1946015,SAMN03326859,SAMN03326859,GCF_000001735.3,REFERENCE/TAIR10_REF.fna
SRR1946016,SAMN03326860,SAMN03326860,GCF_000001735.3,REFERENCE/TAIR10_REF.fna
SRR1946017,SAMN03326861,SAMN03326861,GCF_000001735.3,REFERENCE/TAIR10_REF.fna
SRR1946020,SAMN03326864,SAMN03326864,GCF_000001735.3,REFERENCE/TAIR10_REF.fna
SRR1946021,SAMN03326865,SAMN03326865,GCF_000001735.3,REFERENCE/TAIR10_REF.fna
SRR1946022,SAMN03326866,SAMN03326866,GCF_000001735.3,REFERENCE/TAIR10_REF.fna
SRR1946023,SAMN03326867,SAMN03326867,GCF_000001735.3,REFERENCE/TAIR10_REF.fna
SRR1946024,SAMN03326868,SAMN03326868,GCF_000001735.3,REFERENCE/TAIR10_REF.fna
SRR1946025,SAMN03326869,SAMN03326869,GCF_000001735.3,REFERENCE/TAIR10_REF.fna
SRR1946026,SAMN03326870,SAMN03326870,GCF_000001735.3,REFERENCE/TAIR10_REF.fna
SRR1946027,SAMN03326871,SAMN03326871,GCF_000001735.3,REFERENCE/TAIR10_REF.fna
SRR1946028,SAMN03326872,SAMN03326872,GCF_000001735.3,REFERENCE/TAIR10_REF.fna
SRR1946029,SAMN03326873,SAMN03326873,GCF_000001735.3,REFERENCE/TAIR10_REF.fna
SRR1946030,SAMN03326874,SAMN03326874,GCF_000001735.3,REFERENCE/TAIR10_REF.fna
SRR1946031,SAMN03326875,SAMN03326875,GCF_000001735.3,REFERENCE/TAIR10_REF.fna
SRR1946032,SAMN03326876,SAMN03326876,GCF_000001735.3,REFERENCE/TAIR10_REF.fna
SRR1946033,SAMN03326877,SAMN03326877,GCF_000001735.3,REFERENCE/TAIR10_REF.fna
SRR1946034,SAMN03326878,SAMN03326878,GCF_000001735.3,REFERENCE/TAIR10_REF.fna
SRR1946035,SAMN03326879,SAMN03326879,GCF_000001735.3,REFERENCE/TAIR10_REF.fna
SRR1946036,SAMN03326880,SAMN03326880,GCF_000001735.3,REFERENCE/TAIR10_REF.fna
SRR1946037,SAMN03326881,SAMN03326881,GCF_000001735.3,REFERENCE/TAIR10_REF.fna
SRR1946038,SAMN03326882,SAMN03326882,GCF_000001735.3,REFERENCE/TAIR10_REF.fna
SRR1946039,SAMN03326883,SAMN03326883,GCF_000001735.3,REFERENCE/TAIR10_REF.fna
SRR1946040,SAMN03326884,SAMN03326884,GCF_000001735.3,REFERENCE/TAIR10_REF.fna
SRR1946041,SAMN03326885,SAMN03326885,GCF_000001735.3,REFERENCE/TAIR10_REF.fna
SRR1946042,SAMN03326886,SAMN03326886,GCF_000001735.3,REFERENCE/TAIR10_REF.fna
SRR1946043,SAMN03326887,SAMN03326887,GCF_000001735.3,REFERENCE/TAIR10_REF.fna
SRR1946044,SAMN03326888,SAMN03326888,GCF_000001735.3,REFERENCE/TAIR10_REF.fna
SRR1946045,SAMN03326889,SAMN03326889,GCF_000001735.3,REFERENCE/TAIR10_REF.fna
SRR1946046,SAMN03326890,SAMN03326890,GCF_000001735.3,REFERENCE/TAIR10_REF.fna
SRR1946047,SAMN03326891,SAMN03326891,GCF_000001735.3,REFERENCE/TAIR10_REF.fna
SRR1946048,SAMN03326892,SAMN03326892,GCF_000001735.3,REFERENCE/TAIR10_REF.fna
SRR1946049,SAMN03326893,SAMN03326893,GCF_000001735.3,REFERENCE/TAIR10_REF.fna
SRR1946050,SAMN03326894,SAMN03326894,GCF_000001735.3,REFERENCE/TAIR10_REF.fna
SRR1946051,SAMN03326895,SAMN03326895,GCF_000001735.3,REFERENCE/TAIR10_REF.fna
SRR1946052,SAMN03326896,SAMN03326896,GCF_000001735.3,REFERENCE/TAIR10_REF.fna
SRR1946053,SAMN03326897,SAMN03326897,GCF_000001735.3,REFERENCE/TAIR10_REF.fna
SRR1946054,SAMN03326898,SAMN03326898,GCF_000001735.3,REFERENCE/TAIR10_REF.fna
SRR1946055,SAMN03326899,SAMN03326899,GCF_000001735.3,REFERENCE/TAIR10_REF.fna
SRR1946056,SAMN03326900,SAMN03326900,GCF_000001735.3,REFERENCE/TAIR10_REF.fna
SRR1946057,SAMN03326901,SAMN03326901,GCF_000001735.3,REFERENCE/TAIR10_REF.fna
SRR1946058,SAMN03326902,SAMN03326902,GCF_000001735.3,REFERENCE/TAIR10_REF.fna
SRR1946059,SAMN03326903,SAMN03326903,GCF_000001735.3,REFERENCE/TAIR10_REF.fna
SRR1946060,SAMN03326904,SAMN03326904,GCF_000001735.3,REFERENCE/TAIR10_REF.fna
SRR1946061,SAMN03326905,SAMN03326905,GCF_000001735.3,REFERENCE/TAIR10_REF.fna
SRR1946062,SAMN03326906,SAMN03326906,GCF_000001735.3,REFERENCE/TAIR10_REF.fna
SRR1946063,SAMN03326907,SAMN03326907,GCF_000001735.3,REFERENCE/TAIR10_REF.fna
SRR1946064,SAMN03326908,SAMN03326908,GCF_000001735.3,REFERENCE/TAIR10_REF.fna
SRR1946065,SAMN03326909,SAMN03326909,GCF_000001735.3,REFERENCE/TAIR10_REF.fna
SRR1946066,SAMN03326910,SAMN03326910,GCF_000001735.3,REFERENCE/TAIR10_REF.fna
SRR1946067,SAMN03326911,SAMN03326911,GCF_000001735.3,REFERENCE/TAIR10_REF.fna
SRR1946068,SAMN03326912,SAMN03326912,GCF_000001735.3,REFERENCE/TAIR10_REF.fna
SRR1946069,SAMN03326913,SAMN03326913,GCF_000001735.3,REFERENCE/TAIR10_REF.fna
SRR1946070,SAMN03326914,SAMN03326914,GCF_000001735.3,REFERENCE/TAIR10_REF.fna
SRR1946071,SAMN03326915,SAMN03326915,GCF_000001735.3,REFERENCE/TAIR10_REF.fna
SRR1946072,SAMN03326916,SAMN03326916,GCF_000001735.3,REFERENCE/TAIR10_REF.fna
SRR1946073,SAMN03326917,SAMN03326917,GCF_000001735.3,REFERENCE/TAIR10_REF.fna
SRR1946074,SAMN03326918,SAMN03326918,GCF_000001735.3,REFERENCE/TAIR10_REF.fna
SRR1946075,SAMN03326919,SAMN03326919,GCF_000001735.3,REFERENCE/TAIR10_REF.fna
SRR1946076,SAMN03326920,SAMN03326920,GCF_000001735.3,REFERENCE/TAIR10_REF.fna
SRR1946077,SAMN03326921,SAMN03326921,GCF_000001735.3,REFERENCE/TAIR10_REF.fna
SRR1946078,SAMN03326922,SAMN03326922,GCF_000001735.3,REFERENCE/TAIR10_REF.fna
SRR1946079,SAMN03326923,SAMN03326923,GCF_000001735.3,REFERENCE/TAIR10_REF.fna
SRR1946080,SAMN03326924,SAMN03326924,GCF_000001735.3,REFERENCE/TAIR10_REF.fna
SRR1946081,SAMN03326925,SAMN03326925,GCF_000001735.3,REFERENCE/TAIR10_REF.fna
SRR1946082,SAMN03326926,SAMN03326926,GCF_000001735.3,REFERENCE/TAIR10_REF.fna
SRR1946083,SAMN03326927,SAMN03326927,GCF_000001735.3,REFERENCE/TAIR10_REF.fna
SRR1946084,SAMN03326928,SAMN03326928,GCF_000001735.3,REFERENCE/TAIR10_REF.fna
SRR1946085,SAMN03326929,SAMN03326929,GCF_000001735.3,REFERENCE/TAIR10_REF.fna
SRR1946086,SAMN03326930,SAMN03326930,GCF_000001735.3,REFERENCE/TAIR10_REF.fna
SRR1946087,SAMN03326931,SAMN03326931,GCF_000001735.3,REFERENCE/TAIR10_REF.fna
SRR1946088,SAMN03326932,SAMN03326932,GCF_000001735.3,REFERENCE/TAIR10_REF.fna
SRR1946089,SAMN03326933,SAMN03326933,GCF_000001735.3,REFERENCE/TAIR10_REF.fna
SRR1946090,SAMN03326934,SAMN03326934,GCF_000001735.3,REFERENCE/TAIR10_REF.fna
SRR1946091,SAMN03326935,SAMN03326935,GCF_000001735.3,REFERENCE/TAIR10_REF.fna
SRR1946092,SAMN03326936,SAMN03326936,GCF_000001735.3,REFERENCE/TAIR10_REF.fna
SRR1946093,SAMN03326937,SAMN03326937,GCF_000001735.3,REFERENCE/TAIR10_REF.fna
SRR1946094,SAMN03326938,SAMN03326938,GCF_000001735.3,REFERENCE/TAIR10_REF.fna
SRR1946095,SAMN03326939,SAMN03326939,GCF_000001735.3,REFERENCE/TAIR10_REF.fna
SRR1946096,SAMN03326940,SAMN03326940,GCF_000001735.3,REFERENCE/TAIR10_REF.fna
SRR1946097,SAMN03326941,SAMN03326941,GCF_000001735.3,REFERENCE/TAIR10_REF.fna
SRR1946098,SAMN03326942,SAMN03326942,GCF_000001735.3,REFERENCE/TAIR10_REF.fna
SRR1946099,SAMN03326943,SAMN03326943,GCF_000001735.3,REFERENCE/TAIR10_REF.fna
SRR1946100,SAMN03326944,SAMN03326944,GCF_000001735.3,REFERENCE/TAIR10_REF.fna
SRR1946101,SAMN03326945,SAMN03326945,GCF_000001735.3,REFERENCE/TAIR10_REF.fna
SRR1946102,SAMN03326946,SAMN03326946,GCF_000001735.3,REFERENCE/TAIR10_REF.fna
SRR1946103,SAMN03326947,SAMN03326947,GCF_000001735.3,REFERENCE/TAIR10_REF.fna
SRR1946104,SAMN03326948,SAMN03326948,GCF_000001735.3,REFERENCE/TAIR10_REF.fna
SRR1946105,SAMN03326949,SAMN03326949,GCF_000001735.3,REFERENCE/TAIR10_REF.fna
SRR1946106,SAMN03326950,SAMN03326950,GCF_000001735.3,REFERENCE/TAIR10_REF.fna
SRR1946107,SAMN03326951,SAMN03326951,GCF_000001735.3,REFERENCE/TAIR10_REF.fna
SRR1946108,SAMN03326952,SAMN03326952,GCF_000001735.3,REFERENCE/TAIR10_REF.fna
SRR1946109,SAMN03326953,SAMN03326953,GCF_000001735.3,REFERENCE/TAIR10_REF.fna
SRR1946110,SAMN03326954,SAMN03326954,GCF_000001735.3,REFERENCE/TAIR10_REF.fna
SRR1946111,SAMN03326955,SAMN03326955,GCF_000001735.3,REFERENCE/TAIR10_REF.fna
SRR1946112,SAMN03326956,SAMN03326956,GCF_000001735.3,REFERENCE/TAIR10_REF.fna
SRR1946113,SAMN03326957,SAMN03326957,GCF_000001735.3,REFERENCE/TAIR10_REF.fna
SRR1946114,SAMN03326958,SAMN03326958,GCF_000001735.3,REFERENCE/TAIR10_REF.fna
SRR1946115,SAMN03326959,SAMN03326959,GCF_000001735.3,REFERENCE/TAIR10_REF.fna
SRR1946116,SAMN03326960,SAMN03326960,GCF_000001735.3,REFERENCE/TAIR10_REF.fna
SRR1946117,SAMN03326961,SAMN03326961,GCF_000001735.3,REFERENCE/TAIR10_REF.fna
SRR1946118,SAMN03326962,SAMN03326962,GCF_000001735.3,REFERENCE/TAIR10_REF.fna
SRR1946119,SAMN03326963,SAMN03326963,GCF_000001735.3,REFERENCE/TAIR10_REF.fna
SRR1946120,SAMN03326964,SAMN03326964,GCF_000001735.3,REFERENCE/TAIR10_REF.fna
SRR1946121,SAMN03326965,SAMN03326965,GCF_000001735.3,REFERENCE/TAIR10_REF.fna
SRR1946122,SAMN03326966,SAMN03326966,GCF_000001735.3,REFERENCE/TAIR10_REF.fna
SRR1946123,SAMN03326967,SAMN03326967,GCF_000001735.3,REFERENCE/TAIR10_REF.fna
SRR1946124,SAMN03326968,SAMN03326968,GCF_000001735.3,REFERENCE/TAIR10_REF.fna
SRR1946125,SAMN03326969,SAMN03326969,GCF_000001735.3,REFERENCE/TAIR10_REF.fna
SRR1946126,SAMN03326970,SAMN03326970,GCF_000001735.3,REFERENCE/TAIR10_REF.fna
SRR1946127,SAMN03326971,SAMN03326971,GCF_000001735.3,REFERENCE/TAIR10_REF.fna
SRR1946128,SAMN03326972,SAMN03326972,GCF_000001735.3,REFERENCE/TAIR10_REF.fna
SRR1946129,SAMN03326973,SAMN03326973,GCF_000001735.3,REFERENCE/TAIR10_REF.fna
SRR1946130,SAMN03326974,SAMN03326974,GCF_000001735.3,REFERENCE/TAIR10_REF.fna
SRR1946131,SAMN03326975,SAMN03326975,GCF_000001735.3,REFERENCE/TAIR10_REF.fna
SRR1946132,SAMN03326976,SAMN03326976,GCF_000001735.3,REFERENCE/TAIR10_REF.fna
SRR1946133,SAMN03326977,SAMN03326977,GCF_000001735.3,REFERENCE/TAIR10_REF.fna
SRR1946134,SAMN03326978,SAMN03326978,GCF_000001735.3,REFERENCE/TAIR10_REF.fna
SRR1946135,SAMN03326979,SAMN03326979,GCF_000001735.3,REFERENCE/TAIR10_REF.fna
SRR1946136,SAMN03326980,SAMN03326980,GCF_000001735.3,REFERENCE/TAIR10_REF.fna
SRR1946137,SAMN03326981,SAMN03326981,GCF_000001735.3,REFERENCE/TAIR10_REF.fna
SRR1946138,SAMN03326982,SAMN03326982,GCF_000001735.3,REFERENCE/TAIR10_REF.fna
SRR1946139,SAMN03326983,SAMN03326983,GCF_000001735.3,REFERENCE/TAIR10_REF.fna
SRR1946140,SAMN03326984,SAMN03326984,GCF_000001735.3,REFERENCE/TAIR10_REF.fna
SRR1946141,SAMN03326985,SAMN03326985,GCF_000001735.3,REFERENCE/TAIR10_REF.fna
SRR1946142,SAMN03326986,SAMN03326986,GCF_000001735.3,REFERENCE/TAIR10_REF.fna
SRR1946143,SAMN03326987,SAMN03326987,GCF_000001735.3,REFERENCE/TAIR10_REF.fna
SRR1946144,SAMN03326988,SAMN03326988,GCF_000001735.3,REFERENCE/TAIR10_REF.fna
SRR1946145,SAMN03326989,SAMN03326989,GCF_000001735.3,REFERENCE/TAIR10_REF.fna
SRR1946146,SAMN03326990,SAMN03326990,GCF_000001735.3,REFERENCE/TAIR10_REF.fna
SRR1946147,SAMN03326991,SAMN03326991,GCF_000001735.3,REFERENCE/TAIR10_REF.fna
SRR1946148,SAMN03326992,SAMN03326992,GCF_000001735.3,REFERENCE/TAIR10_REF.fna
SRR1946149,SAMN03326993,SAMN03326993,GCF_000001735.3,REFERENCE/TAIR10_REF.fna
SRR1946150,SAMN03326994,SAMN03326994,GCF_000001735.3,REFERENCE/TAIR10_REF.fna
SRR1946151,SAMN03326995,SAMN03326995,GCF_000001735.3,REFERENCE/TAIR10_REF.fna
SRR1946152,SAMN03326996,SAMN03326996,GCF_000001735.3,REFERENCE/TAIR10_REF.fna
SRR1946153,SAMN03326997,SAMN03326997,GCF_000001735.3,REFERENCE/TAIR10_REF.fna
SRR1946154,SAMN03326998,SAMN03326998,GCF_000001735.3,REFERENCE/TAIR10_REF.fna
SRR1946155,SAMN03326999,SAMN03326999,GCF_000001735.3,REFERENCE/TAIR10_REF.fna
SRR1946156,SAMN03327000,SAMN03327000,GCF_000001735.3,REFERENCE/TAIR10_REF.fna
SRR1946157,SAMN03327001,SAMN03327001,GCF_000001735.3,REFERENCE/TAIR10_REF.fna
SRR1946158,SAMN03327002,SAMN03327002,GCF_000001735.3,REFERENCE/TAIR10_REF.fna
SRR1946159,SAMN03327003,SAMN03327003,GCF_000001735.3,REFERENCE/TAIR10_REF.fna
SRR1946160,SAMN03327004,SAMN03327004,GCF_000001735.3,REFERENCE/TAIR10_REF.fna
SRR1946161,SAMN03327005,SAMN03327005,GCF_000001735.3,REFERENCE/TAIR10_REF.fna
SRR1946162,SAMN03327006,SAMN03327006,GCF_000001735.3,REFERENCE/TAIR10_REF.fna
SRR1946163,SAMN03327007,SAMN03327007,GCF_000001735.3,REFERENCE/TAIR10_REF.fna
SRR1946164,SAMN03327008,SAMN03327008,GCF_000001735.3,REFERENCE/TAIR10_REF.fna
SRR1946165,SAMN03327009,SAMN03327009,GCF_000001735.3,REFERENCE/TAIR10_REF.fna
SRR1946166,SAMN03327010,SAMN03327010,GCF_000001735.3,REFERENCE/TAIR10_REF.fna
SRR1946167,SAMN03327011,SAMN03327011,GCF_000001735.3,REFERENCE/TAIR10_REF.fna
SRR1946168,SAMN03327012,SAMN03327012,GCF_000001735.3,REFERENCE/TAIR10_REF.fna
SRR1946169,SAMN03327013,SAMN03327013,GCF_000001735.3,REFERENCE/TAIR10_REF.fna
SRR1946170,SAMN03327014,SAMN03327014,GCF_000001735.3,REFERENCE/TAIR10_REF.fna
SRR1946171,SAMN03327015,SAMN03327015,GCF_000001735.3,REFERENCE/TAIR10_REF.fna
SRR1946172,SAMN03327016,SAMN03327016,GCF_000001735.3,REFERENCE/TAIR10_REF.fna
SRR1946173,SAMN03327017,SAMN03327017,GCF_000001735.3,REFERENCE/TAIR10_REF.fna
SRR1946174,SAMN03327018,SAMN03327018,GCF_000001735.3,REFERENCE/TAIR10_REF.fna
SRR1946175,SAMN03327019,SAMN03327019,GCF_000001735.3,REFERENCE/TAIR10_REF.fna
SRR1946176,SAMN03327020,SAMN03327020,GCF_000001735.3,REFERENCE/TAIR10_REF.fna
SRR1946177,SAMN03327021,SAMN03327021,GCF_000001735.3,REFERENCE/TAIR10_REF.fna
SRR1946178,SAMN03327022,SAMN03327022,GCF_000001735.3,REFERENCE/TAIR10_REF.fna
SRR1946179,SAMN03327023,SAMN03327023,GCF_000001735.3,REFERENCE/TAIR10_REF.fna
SRR1946180,SAMN03327024,SAMN03327024,GCF_000001735.3,REFERENCE/TAIR10_REF.fna
SRR1946181,SAMN03327025,SAMN03327025,GCF_000001735.3,REFERENCE/TAIR10_REF.fna
SRR1946182,SAMN03327026,SAMN03327026,GCF_000001735.3,REFERENCE/TAIR10_REF.fna
SRR1946183,SAMN03327027,SAMN03327027,GCF_000001735.3,REFERENCE/TAIR10_REF.fna
SRR1946184,SAMN03327028,SAMN03327028,GCF_000001735.3,REFERENCE/TAIR10_REF.fna
SRR1946185,SAMN03327029,SAMN03327029,GCF_000001735.3,REFERENCE/TAIR10_REF.fna
SRR1946186,SAMN03327030,SAMN03327030,GCF_000001735.3,REFERENCE/TAIR10_REF.fna
SRR1946187,SAMN03327031,SAMN03327031,GCF_000001735.3,REFERENCE/TAIR10_REF.fna
SRR1946188,SAMN03327032,SAMN03327032,GCF_000001735.3,REFERENCE/TAIR10_REF.fna
SRR1946189,SAMN03327033,SAMN03327033,GCF_000001735.3,REFERENCE/TAIR10_REF.fna
SRR1946190,SAMN03327034,SAMN03327034,GCF_000001735.3,REFERENCE/TAIR10_REF.fna
SRR1946191,SAMN03327035,SAMN03327035,GCF_000001735.3,REFERENCE/TAIR10_REF.fna
SRR1946192,SAMN03327036,SAMN03327036,GCF_000001735.3,REFERENCE/TAIR10_REF.fna
SRR1946193,SAMN03327037,SAMN03327037,GCF_000001735.3,REFERENCE/TAIR10_REF.fna
SRR1946194,SAMN03327038,SAMN03327038,GCF_000001735.3,REFERENCE/TAIR10_REF.fna
SRR1946195,SAMN03327039,SAMN03327039,GCF_000001735.3,REFERENCE/TAIR10_REF.fna
SRR1946196,SAMN03327040,SAMN03327040,GCF_000001735.3,REFERENCE/TAIR10_REF.fna
SRR1946197,SAMN03327041,SAMN03327041,GCF_000001735.3,REFERENCE/TAIR10_REF.fna
SRR1946198,SAMN03327042,SAMN03327042,GCF_000001735.3,REFERENCE/TAIR10_REF.fna
SRR1946199,SAMN03327043,SAMN03327043,GCF_000001735.3,REFERENCE/TAIR10_REF.fna
SRR1946200,SAMN03327044,SAMN03327044,GCF_000001735.3,REFERENCE/TAIR10_REF.fna
SRR1946201,SAMN03327045,SAMN03327045,GCF_000001735.3,REFERENCE/TAIR10_REF.fna
SRR1946202,SAMN03327046,SAMN03327046,GCF_000001735.3,REFERENCE/TAIR10_REF.fna
SRR1946203,SAMN03327047,SAMN03327047,GCF_000001735.3,REFERENCE/TAIR10_REF.fna
SRR1946204,SAMN03327048,SAMN03327048,GCF_000001735.3,REFERENCE/TAIR10_REF.fna
SRR1946205,SAMN03327049,SAMN03327049,GCF_000001735.3,REFERENCE/TAIR10_REF.fna
SRR1946206,SAMN03327050,SAMN03327050,GCF_000001735.3,REFERENCE/TAIR10_REF.fna
SRR1946207,SAMN03327051,SAMN03327051,GCF_000001735.3,REFERENCE/TAIR10_REF.fna
SRR1946208,SAMN03327052,SAMN03327052,GCF_000001735.3,REFERENCE/TAIR10_REF.fna
SRR1946209,SAMN03327053,SAMN03327053,GCF_000001735.3,REFERENCE/TAIR10_REF.fna
SRR1946210,SAMN03327054,SAMN03327054,GCF_000001735.3,REFERENCE/TAIR10_REF.fna
SRR1946211,SAMN03327055,SAMN03327055,GCF_000001735.3,REFERENCE/TAIR10_REF.fna
SRR1946212,SAMN03327056,SAMN03327056,GCF_000001735.3,REFERENCE/TAIR10_REF.fna
SRR1946213,SAMN03327057,SAMN03327057,GCF_000001735.3,REFERENCE/TAIR10_REF.fna
SRR1946214,SAMN03327058,SAMN03327058,GCF_000001735.3,REFERENCE/TAIR10_REF.fna
SRR1946215,SAMN03327059,SAMN03327059,GCF_000001735.3,REFERENCE/TAIR10_REF.fna
SRR1946216,SAMN03327060,SAMN03327060,GCF_000001735.3,REFERENCE/TAIR10_REF.fna
SRR1946217,SAMN03327061,SAMN03327061,GCF_000001735.3,REFERENCE/TAIR10_REF.fna
SRR1946218,SAMN03327062,SAMN03327062,GCF_000001735.3,REFERENCE/TAIR10_REF.fna
SRR1946219,SAMN03327063,SAMN03327063,GCF_000001735.3,REFERENCE/TAIR10_REF.fna
SRR1946220,SAMN03327064,SAMN03327064,GCF_000001735.3,REFERENCE/TAIR10_REF.fna
SRR1946221,SAMN03327065,SAMN03327065,GCF_000001735.3,REFERENCE/TAIR10_REF.fna
SRR1946222,SAMN03327066,SAMN03327066,GCF_000001735.3,REFERENCE/TAIR10_REF.fna
SRR1946223,SAMN03327067,SAMN03327067,GCF_000001735.3,REFERENCE/TAIR10_REF.fna
SRR1946224,SAMN03327068,SAMN03327068,GCF_000001735.3,REFERENCE/TAIR10_REF.fna
SRR1946225,SAMN03327069,SAMN03327069,GCF_000001735.3,REFERENCE/TAIR10_REF.fna
SRR1946226,SAMN03327070,SAMN03327070,GCF_000001735.3,REFERENCE/TAIR10_REF.fna
SRR1946227,SAMN03327071,SAMN03327071,GCF_000001735.3,REFERENCE/TAIR10_REF.fna
SRR1946228,SAMN03327072,SAMN03327072,GCF_000001735.3,REFERENCE/TAIR10_REF.fna
SRR1946229,SAMN03327073,SAMN03327073,GCF_000001735.3,REFERENCE/TAIR10_REF.fna
SRR1946230,SAMN03327074,SAMN03327074,GCF_000001735.3,REFERENCE/TAIR10_REF.fna
SRR1946231,SAMN03327075,SAMN03327075,GCF_000001735.3,REFERENCE/TAIR10_REF.fna
SRR1946232,SAMN03327076,SAMN03327076,GCF_000001735.3,REFERENCE/TAIR10_REF.fna
SRR1946233,SAMN03327077,SAMN03327077,GCF_000001735.3,REFERENCE/TAIR10_REF.fna
SRR1946234,SAMN03327078,SAMN03327078,GCF_000001735.3,REFERENCE/TAIR10_REF.fna
SRR1946235,SAMN03327079,SAMN03327079,GCF_000001735.3,REFERENCE/TAIR10_REF.fna
SRR1946236,SAMN03327080,SAMN03327080,GCF_000001735.3,REFERENCE/TAIR10_REF.fna
SRR1946237,SAMN03327081,SAMN03327081,GCF_000001735.3,REFERENCE/TAIR10_REF.fna
SRR1946238,SAMN03327082,SAMN03327082,GCF_000001735.3,REFERENCE/TAIR10_REF.fna
SRR1946239,SAMN03327083,SAMN03327083,GCF_000001735.3,REFERENCE/TAIR10_REF.fna
SRR1946240,SAMN03327084,SAMN03327084,GCF_000001735.3,REFERENCE/TAIR10_REF.fna
SRR1946241,SAMN03327085,SAMN03327085,GCF_000001735.3,REFERENCE/TAIR10_REF.fna
SRR1946242,SAMN03327086,SAMN03327086,GCF_000001735.3,REFERENCE/TAIR10_REF.fna
SRR1946243,SAMN03327087,SAMN03327087,GCF_000001735.3,REFERENCE/TAIR10_REF.fna
SRR1946244,SAMN03327088,SAMN03327088,GCF_000001735.3,REFERENCE/TAIR10_REF.fna
SRR1946245,SAMN03327089,SAMN03327089,GCF_000001735.3,REFERENCE/TAIR10_REF.fna
SRR1946246,SAMN03327090,SAMN03327090,GCF_000001735.3,REFERENCE/TAIR10_REF.fna
SRR1946247,SAMN03327091,SAMN03327091,GCF_000001735.3,REFERENCE/TAIR10_REF.fna
SRR1946248,SAMN03327092,SAMN03327092,GCF_000001735.3,REFERENCE/TAIR10_REF.fna
SRR1946249,SAMN03327093,SAMN03327093,GCF_000001735.3,REFERENCE/TAIR10_REF.fna
SRR1946250,SAMN03327094,SAMN03327094,GCF_000001735.3,REFERENCE/TAIR10_REF.fna
SRR1946251,SAMN03327095,SAMN03327095,GCF_000001735.3,REFERENCE/TAIR10_REF.fna
SRR1946252,SAMN03327096,SAMN03327096,GCF_000001735.3,REFERENCE/TAIR10_REF.fna
SRR1946253,SAMN03327097,SAMN03327097,GCF_000001735.3,REFERENCE/TAIR10_REF.fna
SRR1946254,SAMN03327098,SAMN03327098,GCF_000001735.3,REFERENCE/TAIR10_REF.fna
SRR1946255,SAMN03327099,SAMN03327099,GCF_000001735.3,REFERENCE/TAIR10_REF.fna
SRR1946256,SAMN03327100,SAMN03327100,GCF_000001735.3,REFERENCE/TAIR10_REF.fna
SRR1946257,SAMN03327101,SAMN03327101,GCF_000001735.3,REFERENCE/TAIR10_REF.fna
SRR1946258,SAMN03327102,SAMN03327102,GCF_000001735.3,REFERENCE/TAIR10_REF.fna
SRR1946259,SAMN03327103,SAMN03327103,GCF_000001735.3,REFERENCE/TAIR10_REF.fna
SRR1946260,SAMN03327104,SAMN03327104,GCF_000001735.3,REFERENCE/TAIR10_REF.fna
SRR1946261,SAMN03327105,SAMN03327105,GCF_000001735.3,REFERENCE/TAIR10_REF.fna
SRR1946262,SAMN03327106,SAMN03327106,GCF_000001735.3,REFERENCE/TAIR10_REF.fna
SRR1946263,SAMN03327107,SAMN03327107,GCF_000001735.3,REFERENCE/TAIR10_REF.fna
SRR1946264,SAMN03327108,SAMN03327108,GCF_000001735.3,REFERENCE/TAIR10_REF.fna
SRR1946265,SAMN03327109,SAMN03327109,GCF_000001735.3,REFERENCE/TAIR10_REF.fna
SRR1946266,SAMN03327110,SAMN03327110,GCF_000001735.3,REFERENCE/TAIR10_REF.fna
SRR1946267,SAMN03327111,SAMN03327111,GCF_000001735.3,REFERENCE/TAIR10_REF.fna
SRR1946268,SAMN03327112,SAMN03327112,GCF_000001735.3,REFERENCE/TAIR10_REF.fna
SRR1946269,SAMN03327113,SAMN03327113,GCF_000001735.3,REFERENCE/TAIR10_REF.fna
SRR1946270,SAMN03327114,SAMN03327114,GCF_000001735.3,REFERENCE/TAIR10_REF.fna
SRR1946271,SAMN03327115,SAMN03327115,GCF_000001735.3,REFERENCE/TAIR10_REF.fna
SRR1946272,SAMN03327116,SAMN03327116,GCF_000001735.3,REFERENCE/TAIR10_REF.fna
SRR1946273,SAMN03327117,SAMN03327117,GCF_000001735.3,REFERENCE/TAIR10_REF.fna
SRR1946274,SAMN03327118,SAMN03327118,GCF_000001735.3,REFERENCE/TAIR10_REF.fna
SRR1946275,SAMN03327119,SAMN03327119,GCF_000001735.3,REFERENCE/TAIR10_REF.fna
SRR1946276,SAMN03327120,SAMN03327120,GCF_000001735.3,REFERENCE/TAIR10_REF.fna
SRR1946277,SAMN03327121,SAMN03327121,GCF_000001735.3,REFERENCE/TAIR10_REF.fna
SRR1946278,SAMN03327122,SAMN03327122,GCF_000001735.3,REFERENCE/TAIR10_REF.fna
SRR1946279,SAMN03327123,SAMN03327123,GCF_000001735.3,REFERENCE/TAIR10_REF.fna
SRR1946280,SAMN03327124,SAMN03327124,GCF_000001735.3,REFERENCE/TAIR10_REF.fna
SRR1946281,SAMN03327125,SAMN03327125,GCF_000001735.3,REFERENCE/TAIR10_REF.fna
SRR1946282,SAMN03327126,SAMN03327126,GCF_000001735.3,REFERENCE/TAIR10_REF.fna
SRR1946283,SAMN03327127,SAMN03327127,GCF_000001735.3,REFERENCE/TAIR10_REF.fna
SRR1946284,SAMN03327128,SAMN03327128,GCF_000001735.3,REFERENCE/TAIR10_REF.fna
SRR1946285,SAMN03327129,SAMN03327129,GCF_000001735.3,REFERENCE/TAIR10_REF.fna
SRR1946286,SAMN03327130,SAMN03327130,GCF_000001735.3,REFERENCE/TAIR10_REF.fna
SRR1946287,SAMN03327131,SAMN03327131,GCF_000001735.3,REFERENCE/TAIR10_REF.fna
SRR1946288,SAMN03327132,SAMN03327132,GCF_000001735.3,REFERENCE/TAIR10_REF.fna
SRR1946289,SAMN03327133,SAMN03327133,GCF_000001735.3,REFERENCE/TAIR10_REF.fna
SRR1946290,SAMN03327134,SAMN03327134,GCF_000001735.3,REFERENCE/TAIR10_REF.fna
SRR1946291,SAMN03327135,SAMN03327135,GCF_000001735.3,REFERENCE/TAIR10_REF.fna
SRR1946292,SAMN03327136,SAMN03327136,GCF_000001735.3,REFERENCE/TAIR10_REF.fna
SRR1946293,SAMN03327137,SAMN03327137,GCF_000001735.3,REFERENCE/TAIR10_REF.fna
SRR1946294,SAMN03327138,SAMN03327138,GCF_000001735.3,REFERENCE/TAIR10_REF.fna
SRR1946295,SAMN03327139,SAMN03327139,GCF_000001735.3,REFERENCE/TAIR10_REF.fna
SRR1946296,SAMN03327140,SAMN03327140,GCF_000001735.3,REFERENCE/TAIR10_REF.fna
SRR1946297,SAMN03327141,SAMN03327141,GCF_000001735.3,REFERENCE/TAIR10_REF.fna
SRR1946298,SAMN03327142,SAMN03327142,GCF_000001735.3,REFERENCE/TAIR10_REF.fna
SRR1946299,SAMN03327143,SAMN03327143,GCF_000001735.3,REFERENCE/TAIR10_REF.fna
SRR1946300,SAMN03327144,SAMN03327144,GCF_000001735.3,REFERENCE/TAIR10_REF.fna
SRR1946301,SAMN03327145,SAMN03327145,GCF_000001735.3,REFERENCE/TAIR10_REF.fna
SRR1946302,SAMN03327146,SAMN03327146,GCF_000001735.3,REFERENCE/TAIR10_REF.fna
SRR1946303,SAMN03327147,SAMN03327147,GCF_000001735.3,REFERENCE/TAIR10_REF.fna
SRR1946304,SAMN03327148,SAMN03327148,GCF_000001735.3,REFERENCE/TAIR10_REF.fna
SRR1946305,SAMN03327149,SAMN03327149,GCF_000001735.3,REFERENCE/TAIR10_REF.fna
SRR1946306,SAMN03327150,SAMN03327150,GCF_000001735.3,REFERENCE/TAIR10_REF.fna
SRR1946307,SAMN03327151,SAMN03327151,GCF_000001735.3,REFERENCE/TAIR10_REF.fna
SRR1946308,SAMN03327152,SAMN03327152,GCF_000001735.3,REFERENCE/TAIR10_REF.fna
SRR1946309,SAMN03327153,SAMN03327153,GCF_000001735.3,REFERENCE/TAIR10_REF.fna
SRR1946310,SAMN03327154,SAMN03327154,GCF_000001735.3,REFERENCE/TAIR10_REF.fna
SRR1946311,SAMN03327155,SAMN03327155,GCF_000001735.3,REFERENCE/TAIR10_REF.fna
SRR1946312,SAMN03327156,SAMN03327156,GCF_000001735.3,REFERENCE/TAIR10_REF.fna
SRR1946313,SAMN03327157,SAMN03327157,GCF_000001735.3,REFERENCE/TAIR10_REF.fna
SRR1946314,SAMN03327158,SAMN03327158,GCF_000001735.3,REFERENCE/TAIR10_REF.fna
SRR1946315,SAMN03327159,SAMN03327159,GCF_000001735.3,REFERENCE/TAIR10_REF.fna
SRR1946316,SAMN03327160,SAMN03327160,GCF_000001735.3,REFERENCE/TAIR10_REF.fna
SRR1946317,SAMN03327161,SAMN03327161,GCF_000001735.3,REFERENCE/TAIR10_REF.fna
SRR1946318,SAMN03327162,SAMN03327162,GCF_000001735.3,REFERENCE/TAIR10_REF.fna
SRR1946319,SAMN03327163,SAMN03327163,GCF_000001735.3,REFERENCE/TAIR10_REF.fna
SRR1946320,SAMN03327164,SAMN03327164,GCF_000001735.3,REFERENCE/TAIR10_REF.fna
SRR1946321,SAMN03327165,SAMN03327165,GCF_000001735.3,REFERENCE/TAIR10_REF.fna
SRR1946322,SAMN03327166,SAMN03327166,GCF_000001735.3,REFERENCE/TAIR10_REF.fna
SRR1946323,SAMN03327167,SAMN03327167,GCF_000001735.3,REFERENCE/TAIR10_REF.fna
SRR1946324,SAMN03327168,SAMN03327168,GCF_000001735.3,REFERENCE/TAIR10_REF.fna
SRR1946325,SAMN03327169,SAMN03327169,GCF_000001735.3,REFERENCE/TAIR10_REF.fna
SRR1946326,SAMN03327170,SAMN03327170,GCF_000001735.3,REFERENCE/TAIR10_REF.fna
SRR1946327,SAMN03327171,SAMN03327171,GCF_000001735.3,REFERENCE/TAIR10_REF.fna
SRR1946328,SAMN03327172,SAMN03327172,GCF_000001735.3,REFERENCE/TAIR10_REF.fna
SRR1946329,SAMN03327173,SAMN03327173,GCF_000001735.3,REFERENCE/TAIR10_REF.fna
SRR1946330,SAMN03327174,SAMN03327174,GCF_000001735.3,REFERENCE/TAIR10_REF.fna
SRR1946331,SAMN03327175,SAMN03327175,GCF_000001735.3,REFERENCE/TAIR10_REF.fna
SRR1946332,SAMN03327176,SAMN03327176,GCF_000001735.3,REFERENCE/TAIR10_REF.fna
SRR1946333,SAMN03327177,SAMN03327177,GCF_000001735.3,REFERENCE/TAIR10_REF.fna
SRR1946334,SAMN03327178,SAMN03327178,GCF_000001735.3,REFERENCE/TAIR10_REF.fna
SRR1946335,SAMN03327179,SAMN03327179,GCF_000001735.3,REFERENCE/TAIR10_REF.fna
SRR1946336,SAMN03327180,SAMN03327180,GCF_000001735.3,REFERENCE/TAIR10_REF.fna
SRR1946337,SAMN03327181,SAMN03327181,GCF_000001735.3,REFERENCE/TAIR10_REF.fna
SRR1946338,SAMN03327182,SAMN03327182,GCF_000001735.3,REFERENCE/TAIR10_REF.fna
SRR1946339,SAMN03327183,SAMN03327183,GCF_000001735.3,REFERENCE/TAIR10_REF.fna
SRR1946340,SAMN03327184,SAMN03327184,GCF_000001735.3,REFERENCE/TAIR10_REF.fna
SRR1946341,SAMN03327185,SAMN03327185,GCF_000001735.3,REFERENCE/TAIR10_REF.fna
SRR1946342,SAMN03327186,SAMN03327186,GCF_000001735.3,REFERENCE/TAIR10_REF.fna
SRR1946343,SAMN03327187,SAMN03327187,GCF_000001735.3,REFERENCE/TAIR10_REF.fna
SRR1946344,SAMN03327188,SAMN03327188,GCF_000001735.3,REFERENCE/TAIR10_REF.fna
SRR1946345,SAMN03327189,SAMN03327189,GCF_000001735.3,REFERENCE/TAIR10_REF.fna
SRR1946346,SAMN03327190,SAMN03327190,GCF_000001735.3,REFERENCE/TAIR10_REF.fna
SRR1946347,SAMN03327191,SAMN03327191,GCF_000001735.3,REFERENCE/TAIR10_REF.fna
SRR1946348,SAMN03327192,SAMN03327192,GCF_000001735.3,REFERENCE/TAIR10_REF.fna
SRR1946349,SAMN03327193,SAMN03327193,GCF_000001735.3,REFERENCE/TAIR10_REF.fna
SRR1946350,SAMN03327194,SAMN03327194,GCF_000001735.3,REFERENCE/TAIR10_REF.fna
SRR1946351,SAMN03327195,SAMN03327195,GCF_000001735.3,REFERENCE/TAIR10_REF.fna
SRR1946352,SAMN03327196,SAMN03327196,GCF_000001735.3,REFERENCE/TAIR10_REF.fna
SRR1946353,SAMN03327197,SAMN03327197,GCF_000001735.3,REFERENCE/TAIR10_REF.fna
SRR1946354,SAMN03327198,SAMN03327198,GCF_000001735.3,REFERENCE/TAIR10_REF.fna
SRR1946355,SAMN03327199,SAMN03327199,GCF_000001735.3,REFERENCE/TAIR10_REF.fna
SRR1946356,SAMN03327200,SAMN03327200,GCF_000001735.3,REFERENCE/TAIR10_REF.fna
SRR1946357,SAMN03327201,SAMN03327201,GCF_000001735.3,REFERENCE/TAIR10_REF.fna
SRR1946358,SAMN03327202,SAMN03327202,GCF_000001735.3,REFERENCE/TAIR10_REF.fna
SRR1946359,SAMN03327203,SAMN03327203,GCF_000001735.3,REFERENCE/TAIR10_REF.fna
SRR1946360,SAMN03327204,SAMN03327204,GCF_000001735.3,REFERENCE/TAIR10_REF.fna
SRR1946361,SAMN03327205,SAMN03327205,GCF_000001735.3,REFERENCE/TAIR10_REF.fna
SRR1946362,SAMN03327206,SAMN03327206,GCF_000001735.3,REFERENCE/TAIR10_REF.fna
SRR1946363,SAMN03327207,SAMN03327207,GCF_000001735.3,REFERENCE/TAIR10_REF.fna
SRR1946364,SAMN03327208,SAMN03327208,GCF_000001735.3,REFERENCE/TAIR10_REF.fna
SRR1946365,SAMN03327209,SAMN03327209,GCF_000001735.3,REFERENCE/TAIR10_REF.fna
SRR1946366,SAMN03327210,SAMN03327210,GCF_000001735.3,REFERENCE/TAIR10_REF.fna
SRR1946367,SAMN03327211,SAMN03327211,GCF_000001735.3,REFERENCE/TAIR10_REF.fna
SRR1946368,SAMN03327212,SAMN03327212,GCF_000001735.3,REFERENCE/TAIR10_REF.fna
SRR1946369,SAMN03327213,SAMN03327213,GCF_000001735.3,REFERENCE/TAIR10_REF.fna
SRR1946370,SAMN03327214,SAMN03327214,GCF_000001735.3,REFERENCE/TAIR10_REF.fna
SRR1946371,SAMN03327215,SAMN03327215,GCF_000001735.3,REFERENCE/TAIR10_REF.fna
SRR1946372,SAMN03327216,SAMN03327216,GCF_000001735.3,REFERENCE/TAIR10_REF.fna
SRR1946373,SAMN03327217,SAMN03327217,GCF_000001735.3,REFERENCE/TAIR10_REF.fna
SRR1946374,SAMN03327218,SAMN03327218,GCF_000001735.3,REFERENCE/TAIR10_REF.fna
SRR1946375,SAMN03327219,SAMN03327219,GCF_000001735.3,REFERENCE/TAIR10_REF.fna
SRR1946376,SAMN03327220,SAMN03327220,GCF_000001735.3,REFERENCE/TAIR10_REF.fna
SRR1946377,SAMN03327221,SAMN03327221,GCF_000001735.3,REFERENCE/TAIR10_REF.fna
SRR1946378,SAMN03327222,SAMN03327222,GCF_000001735.3,REFERENCE/TAIR10_REF.fna
SRR1946379,SAMN03327223,SAMN03327223,GCF_000001735.3,REFERENCE/TAIR10_REF.fna
SRR1946380,SAMN03327224,SAMN03327224,GCF_000001735.3,REFERENCE/TAIR10_REF.fna
SRR1946381,SAMN03327225,SAMN03327225,GCF_000001735.3,REFERENCE/TAIR10_REF.fna
SRR1946382,SAMN03327226,SAMN03327226,GCF_000001735.3,REFERENCE/TAIR10_REF.fna
SRR1946383,SAMN03327227,SAMN03327227,GCF_000001735.3,REFERENCE/TAIR10_REF.fna
SRR1946384,SAMN03327228,SAMN03327228,GCF_000001735.3,REFERENCE/TAIR10_REF.fna
SRR1946385,SAMN03327229,SAMN03327229,GCF_000001735.3,REFERENCE/TAIR10_REF.fna
SRR1946386,SAMN03327230,SAMN03327230,GCF_000001735.3,REFERENCE/TAIR10_REF.fna
SRR1946387,SAMN03327231,SAMN03327231,GCF_000001735.3,REFERENCE/TAIR10_REF.fna
SRR1946388,SAMN03327232,SAMN03327232,GCF_000001735.3,REFERENCE/TAIR10_REF.fna
SRR1946389,SAMN03327233,SAMN03327233,GCF_000001735.3,REFERENCE/TAIR10_REF.fna
SRR1946390,SAMN03327234,SAMN03327234,GCF_000001735.3,REFERENCE/TAIR10_REF.fna
SRR1946391,SAMN03327235,SAMN03327235,GCF_000001735.3,REFERENCE/TAIR10_REF.fna
SRR1946392,SAMN03327236,SAMN03327236,GCF_000001735.3,REFERENCE/TAIR10_REF.fna
SRR1946393,SAMN03327237,SAMN03327237,GCF_000001735.3,REFERENCE/TAIR10_REF.fna
SRR1946394,SAMN03327238,SAMN03327238,GCF_000001735.3,REFERENCE/TAIR10_REF.fna
SRR1946395,SAMN03327239,SAMN03327239,GCF_000001735.3,REFERENCE/TAIR10_REF.fna
SRR1946396,SAMN03327240,SAMN03327240,GCF_000001735.3,REFERENCE/TAIR10_REF.fna
SRR1946397,SAMN03327241,SAMN03327241,GCF_000001735.3,REFERENCE/TAIR10_REF.fna
SRR1946398,SAMN03327242,SAMN03327242,GCF_000001735.3,REFERENCE/TAIR10_REF.fna
SRR1946399,SAMN03327243,SAMN03327243,GCF_000001735.3,REFERENCE/TAIR10_REF.fna
SRR1946400,SAMN03327244,SAMN03327244,GCF_000001735.3,REFERENCE/TAIR10_REF.fna
SRR1946401,SAMN03327245,SAMN03327245,GCF_000001735.3,REFERENCE/TAIR10_REF.fna
SRR1946402,SAMN03327246,SAMN03327246,GCF_000001735.3,REFERENCE/TAIR10_REF.fna
SRR1946403,SAMN03327247,SAMN03327247,GCF_000001735.3,REFERENCE/TAIR10_REF.fna
SRR1946404,SAMN03327248,SAMN03327248,GCF_000001735.3,REFERENCE/TAIR10_REF.fna
SRR1946405,SAMN03327249,SAMN03327249,GCF_000001735.3,REFERENCE/TAIR10_REF.fna
SRR1946406,SAMN03327250,SAMN03327250,GCF_000001735.3,REFERENCE/TAIR10_REF.fna
SRR1946407,SAMN03327251,SAMN03327251,GCF_000001735.3,REFERENCE/TAIR10_REF.fna
SRR1946408,SAMN03327252,SAMN03327252,GCF_000001735.3,REFERENCE/TAIR10_REF.fna
SRR1946409,SAMN03327253,SAMN03327253,GCF_000001735.3,REFERENCE/TAIR10_REF.fna
SRR1946410,SAMN03327254,SAMN03327254,GCF_000001735.3,REFERENCE/TAIR10_REF.fna
SRR1946411,SAMN03327255,SAMN03327255,GCF_000001735.3,REFERENCE/TAIR10_REF.fna
SRR1946412,SAMN03327256,SAMN03327256,GCF_000001735.3,REFERENCE/TAIR10_REF.fna
SRR1946413,SAMN03327257,SAMN03327257,GCF_000001735.3,REFERENCE/TAIR10_REF.fna
SRR1946414,SAMN03327258,SAMN03327258,GCF_000001735.3,REFERENCE/TAIR10_REF.fna
SRR1946415,SAMN03327259,SAMN03327259,GCF_000001735.3,REFERENCE/TAIR10_REF.fna
SRR1946416,SAMN03327260,SAMN03327260,GCF_000001735.3,REFERENCE/TAIR10_REF.fna
SRR1946417,SAMN03327261,SAMN03327261,GCF_000001735.3,REFERENCE/TAIR10_REF.fna
SRR1946418,SAMN03327262,SAMN03327262,GCF_000001735.3,REFERENCE/TAIR10_REF.fna
SRR1946419,SAMN03327263,SAMN03327263,GCF_000001735.3,REFERENCE/TAIR10_REF.fna
SRR1946420,SAMN03327264,SAMN03327264,GCF_000001735.3,REFERENCE/TAIR10_REF.fna
SRR1946421,SAMN03327265,SAMN03327265,GCF_000001735.3,REFERENCE/TAIR10_REF.fna
SRR1946422,SAMN03327266,SAMN03327266,GCF_000001735.3,REFERENCE/TAIR10_REF.fna
SRR1946423,SAMN03327267,SAMN03327267,GCF_000001735.3,REFERENCE/TAIR10_REF.fna
SRR1946424,SAMN03327268,SAMN03327268,GCF_000001735.3,REFERENCE/TAIR10_REF.fna
SRR1946425,SAMN03327269,SAMN03327269,GCF_000001735.3,REFERENCE/TAIR10_REF.fna
SRR1946426,SAMN03327270,SAMN03327270,GCF_000001735.3,REFERENCE/TAIR10_REF.fna
SRR1946427,SAMN03327271,SAMN03327271,GCF_000001735.3,REFERENCE/TAIR10_REF.fna
SRR1946428,SAMN03327272,SAMN03327272,GCF_000001735.3,REFERENCE/TAIR10_REF.fna
SRR1946429,SAMN03327273,SAMN03327273,GCF_000001735.3,REFERENCE/TAIR10_REF.fna
SRR1946430,SAMN03327274,SAMN03327274,GCF_000001735.3,REFERENCE/TAIR10_REF.fna
SRR1946431,SAMN03327275,SAMN03327275,GCF_000001735.3,REFERENCE/TAIR10_REF.fna
SRR1946432,SAMN03327276,SAMN03327276,GCF_000001735.3,REFERENCE/TAIR10_REF.fna
SRR1946433,SAMN03327277,SAMN03327277,GCF_000001735.3,REFERENCE/TAIR10_REF.fna
SRR1946434,SAMN03327278,SAMN03327278,GCF_000001735.3,REFERENCE/TAIR10_REF.fna
SRR1946435,SAMN03327279,SAMN03327279,GCF_000001735.3,REFERENCE/TAIR10_REF.fna
SRR1946436,SAMN03327280,SAMN03327280,GCF_000001735.3,REFERENCE/TAIR10_REF.fna
SRR1946437,SAMN03327281,SAMN03327281,GCF_000001735.3,REFERENCE/TAIR10_REF.fna
SRR1946438,SAMN03327282,SAMN03327282,GCF_000001735.3,REFERENCE/TAIR10_REF.fna
SRR1946439,SAMN03327283,SAMN03327283,GCF_000001735.3,REFERENCE/TAIR10_REF.fna
SRR1946440,SAMN03327284,SAMN03327284,GCF_000001735.3,REFERENCE/TAIR10_REF.fna
SRR1946441,SAMN03327285,SAMN03327285,GCF_000001735.3,REFERENCE/TAIR10_REF.fna
SRR1946442,SAMN03327286,SAMN03327286,GCF_000001735.3,REFERENCE/TAIR10_REF.fna
SRR1946443,SAMN03327287,SAMN03327287,GCF_000001735.3,REFERENCE/TAIR10_REF.fna
SRR1946444,SAMN03327288,SAMN03327288,GCF_000001735.3,REFERENCE/TAIR10_REF.fna
SRR1946445,SAMN03327289,SAMN03327289,GCF_000001735.3,REFERENCE/TAIR10_REF.fna
SRR1946446,SAMN03327290,SAMN03327290,GCF_000001735.3,REFERENCE/TAIR10_REF.fna
SRR1946447,SAMN03327291,SAMN03327291,GCF_000001735.3,REFERENCE/TAIR10_REF.fna
SRR1946448,SAMN03327292,SAMN03327292,GCF_000001735.3,REFERENCE/TAIR10_REF.fna
SRR1946449,SAMN03327293,SAMN03327293,GCF_000001735.3,REFERENCE/TAIR10_REF.fna
SRR1946450,SAMN03327294,SAMN03327294,GCF_000001735.3,REFERENCE/TAIR10_REF.fna
SRR1946451,SAMN03327295,SAMN03327295,GCF_000001735.3,REFERENCE/TAIR10_REF.fna
SRR1946452,SAMN03327296,SAMN03327296,GCF_000001735.3,REFERENCE/TAIR10_REF.fna
SRR1946453,SAMN03327297,SAMN03327297,GCF_000001735.3,REFERENCE/TAIR10_REF.fna
SRR1946454,SAMN03327298,SAMN03327298,GCF_000001735.3,REFERENCE/TAIR10_REF.fna
SRR1946455,SAMN03327299,SAMN03327299,GCF_000001735.3,REFERENCE/TAIR10_REF.fna
SRR1946456,SAMN03327300,SAMN03327300,GCF_000001735.3,REFERENCE/TAIR10_REF.fna
SRR1946457,SAMN03327301,SAMN03327301,GCF_000001735.3,REFERENCE/TAIR10_REF.fna
SRR1946458,SAMN03327302,SAMN03327302,GCF_000001735.3,REFERENCE/TAIR10_REF.fna
SRR1946459,SAMN03327303,SAMN03327303,GCF_000001735.3,REFERENCE/TAIR10_REF.fna
SRR1946460,SAMN03327304,SAMN03327304,GCF_000001735.3,REFERENCE/TAIR10_REF.fna
SRR1946461,SAMN03327305,SAMN03327305,GCF_000001735.3,REFERENCE/TAIR10_REF.fna
SRR1946462,SAMN03327306,SAMN03327306,GCF_000001735.3,REFERENCE/TAIR10_REF.fna
SRR1946463,SAMN03327307,SAMN03327307,GCF_000001735.3,REFERENCE/TAIR10_REF.fna
SRR1946464,SAMN03327308,SAMN03327308,GCF_000001735.3,REFERENCE/TAIR10_REF.fna
SRR1946465,SAMN03327309,SAMN03327309,GCF_000001735.3,REFERENCE/TAIR10_REF.fna
SRR1946466,SAMN03327310,SAMN03327310,GCF_000001735.3,REFERENCE/TAIR10_REF.fna
SRR1946467,SAMN03327311,SAMN03327311,GCF_000001735.3,REFERENCE/TAIR10_REF.fna
SRR1946468,SAMN03327312,SAMN03327312,GCF_000001735.3,REFERENCE/TAIR10_REF.fna
SRR1946469,SAMN03327313,SAMN03327313,GCF_000001735.3,REFERENCE/TAIR10_REF.fna
SRR1946470,SAMN03327314,SAMN03327314,GCF_000001735.3,REFERENCE/TAIR10_REF.fna
SRR1946471,SAMN03327315,SAMN03327315,GCF_000001735.3,REFERENCE/TAIR10_REF.fna
SRR1946472,SAMN03327316,SAMN03327316,GCF_000001735.3,REFERENCE/TAIR10_REF.fna
SRR1946473,SAMN03327317,SAMN03327317,GCF_000001735.3,REFERENCE/TAIR10_REF.fna
SRR1946474,SAMN03327318,SAMN03327318,GCF_000001735.3,REFERENCE/TAIR10_REF.fna
SRR1946475,SAMN03327319,SAMN03327319,GCF_000001735.3,REFERENCE/TAIR10_REF.fna
SRR1946476,SAMN03327320,SAMN03327320,GCF_000001735.3,REFERENCE/TAIR10_REF.fna
SRR1946477,SAMN03327321,SAMN03327321,GCF_000001735.3,REFERENCE/TAIR10_REF.fna
SRR1946478,SAMN03327322,SAMN03327322,GCF_000001735.3,REFERENCE/TAIR10_REF.fna
SRR1946479,SAMN03327323,SAMN03327323,GCF_000001735.3,REFERENCE/TAIR10_REF.fna
SRR1946480,SAMN03327324,SAMN03327324,GCF_000001735.3,REFERENCE/TAIR10_REF.fna
SRR1946481,SAMN03327325,SAMN03327325,GCF_000001735.3,REFERENCE/TAIR10_REF.fna
SRR1946482,SAMN03327326,SAMN03327326,GCF_000001735.3,REFERENCE/TAIR10_REF.fna
SRR1946551,SAMN03327395,SAMN03327395,GCF_000001735.3,REFERENCE/TAIR10_REF.fna
SRR1946552,SAMN03327396,SAMN03327396,GCF_000001735.3,REFERENCE/TAIR10_REF.fna
SRR1946553,SAMN03327397,SAMN03327397,GCF_000001735.3,REFERENCE/TAIR10_REF.fna
SRR1946554,SAMN03327398,SAMN03327398,GCF_000001735.3,REFERENCE/TAIR10_REF.fna
SRR1946555,SAMN03327399,SAMN03327399,GCF_000001735.3,REFERENCE/TAIR10_REF.fna
SRR1946556,SAMN03327400,SAMN03327400,GCF_000001735.3,REFERENCE/TAIR10_REF.fna
SRR1946557,SAMN03327401,SAMN03327401,GCF_000001735.3,REFERENCE/TAIR10_REF.fna
SRR1946558,SAMN03327402,SAMN03327402,GCF_000001735.3,REFERENCE/TAIR10_REF.fna
SRR1946559,SAMN03327403,SAMN03327403,GCF_000001735.3,REFERENCE/TAIR10_REF.fna
SRR1946560,SAMN03327404,SAMN03327404,GCF_000001735.3,REFERENCE/TAIR10_REF.fna
SRR1946561,SAMN03327405,SAMN03327405,GCF_000001735.3,REFERENCE/TAIR10_REF.fna
SRR1946562,SAMN03327406,SAMN03327406,GCF_000001735.3,REFERENCE/TAIR10_REF.fna
SRR1946563,SAMN03327407,SAMN03327407,GCF_000001735.3,REFERENCE/TAIR10_REF.fna
SRR1946564,SAMN03327408,SAMN03327408,GCF_000001735.3,REFERENCE/TAIR10_REF.fna
SRR1946565,SAMN03327409,SAMN03327409,GCF_000001735.3,REFERENCE/TAIR10_REF.fna
SRR1946566,SAMN03327410,SAMN03327410,GCF_000001735.3,REFERENCE/TAIR10_REF.fna
SRR1946567,SAMN03327411,SAMN03327411,GCF_000001735.3,REFERENCE/TAIR10_REF.fna
SRR1946568,SAMN03327412,SAMN03327412,GCF_000001735.3,REFERENCE/TAIR10_REF.fna
SRR1946569,SAMN03327413,SAMN03327413,GCF_000001735.3,REFERENCE/TAIR10_REF.fna
SRR6414600,SAMN08235958,SAMN08235958,GCF_000001735.3,REFERENCE/TAIR10_REF.fna
SRR6414601,SAMN08235959,SAMN08235959,GCF_000001735.3,REFERENCE/TAIR10_REF.fna
SRR6414605,SAMN08235938,SAMN08235938,GCF_000001735.3,REFERENCE/TAIR10_REF.fna
SRR6414606,SAMN08235937,SAMN08235937,GCF_000001735.3,REFERENCE/TAIR10_REF.fna
SRR6414607,SAMN08235936,SAMN08235936,GCF_000001735.3,REFERENCE/TAIR10_REF.fna
SRR6414608,SAMN08235943,SAMN08235943,GCF_000001735.3,REFERENCE/TAIR10_REF.fna
SRR6414609,SAMN08235942,SAMN08235942,GCF_000001735.3,REFERENCE/TAIR10_REF.fna
SRR6414618,SAMN08235951,SAMN08235951,GCF_000001735.3,REFERENCE/TAIR10_REF.fna
SRR6414619,SAMN08235950,SAMN08235950,GCF_000001735.3,REFERENCE/TAIR10_REF.fna
SRR6414621,SAMN08235952,SAMN08235952,GCF_000001735.3,REFERENCE/TAIR10_REF.fna
SRR6414595,SAMN08235960,SAMN08235960,GCF_000001735.3,REFERENCE/TAIR10_REF.fna
SRR6414596,SAMN08235961,SAMN08235961,GCF_000001735.3,REFERENCE/TAIR10_REF.fna
SRR6414597,SAMN08235962,SAMN08235962,GCF_000001735.3,REFERENCE/TAIR10_REF.fna
SRR6414598,SAMN08235956,SAMN08235956,GCF_000001735.3,REFERENCE/TAIR10_REF.fna
SRR6414599,SAMN08235957,SAMN08235957,GCF_000001735.3,REFERENCE/TAIR10_REF.fna
SRR6414602,SAMN08235945,SAMN08235945,GCF_000001735.3,REFERENCE/TAIR10_REF.fna
SRR6414603,SAMN08235944,SAMN08235944,GCF_000001735.3,REFERENCE/TAIR10_REF.fna
SRR6414604,SAMN08235939,SAMN08235939,GCF_000001735.3,REFERENCE/TAIR10_REF.fna
SRR6414610,SAMN08235941,SAMN08235941,GCF_000001735.3,REFERENCE/TAIR10_REF.fna
SRR6414611,SAMN08235940,SAMN08235940,GCF_000001735.3,REFERENCE/TAIR10_REF.fna
SRR6414612,SAMN08235955,SAMN08235955,GCF_000001735.3,REFERENCE/TAIR10_REF.fna
SRR6414613,SAMN08235954,SAMN08235954,GCF_000001735.3,REFERENCE/TAIR10_REF.fna
SRR6414614,SAMN08235947,SAMN08235947,GCF_000001735.3,REFERENCE/TAIR10_REF.fna
SRR6414615,SAMN08235946,SAMN08235946,GCF_000001735.3,REFERENCE/TAIR10_REF.fna
SRR6414616,SAMN08235949,SAMN08235949,GCF_000001735.3,REFERENCE/TAIR10_REF.fna
SRR6414617,SAMN08235948,SAMN08235948,GCF_000001735.3,REFERENCE/TAIR10_REF.fna
SRR6414620,SAMN08235953,SAMN08235953,GCF_000001735.3,REFERENCE/TAIR10_REF.fna
SRR2189709,SAMN04009812,SAMN04009812,GCF_000001735.3,REFERENCE/TAIR10_REF.fna
SRR2189710,SAMN04009813,SAMN04009813,GCF_000001735.3,REFERENCE/TAIR10_REF.fna
SRR2189711,SAMN04009815,SAMN04009815,GCF_000001735.3,REFERENCE/TAIR10_REF.fna
SRR2189712,SAMN04009814,SAMN04009814,GCF_000001735.3,REFERENCE/TAIR10_REF.fna
SRR2189713,SAMN04009816,SAMN04009816,GCF_000001735.3,REFERENCE/TAIR10_REF.fna
SRR2189714,SAMN04009817,SAMN04009817,GCF_000001735.3,REFERENCE/TAIR10_REF.fna
SRR2189716,SAMN04009818,SAMN04009818,GCF_000001735.3,REFERENCE/TAIR10_REF.fna
SRR2189717,SAMN04009819,SAMN04009819,GCF_000001735.3,REFERENCE/TAIR10_REF.fna
SRR2189718,SAMN04009820,SAMN04009820,GCF_000001735.3,REFERENCE/TAIR10_REF.fna
SRR2189719,SAMN04009822,SAMN04009822,GCF_000001735.3,REFERENCE/TAIR10_REF.fna
SRR2189720,SAMN04009823,SAMN04009823,GCF_000001735.3,REFERENCE/TAIR10_REF.fna
SRR2204160,SAMN04009826,SAMN04009826,GCF_000001735.3,REFERENCE/TAIR10_REF.fna
SRR2204161,SAMN04009825,SAMN04009825,GCF_000001735.3,REFERENCE/TAIR10_REF.fna
SRR2204162,SAMN04009827,SAMN04009827,GCF_000001735.3,REFERENCE/TAIR10_REF.fna
SRR2204163,SAMN04009828,SAMN04009828,GCF_000001735.3,REFERENCE/TAIR10_REF.fna
SRR2204164,SAMN04009830,SAMN04009830,GCF_000001735.3,REFERENCE/TAIR10_REF.fna
SRR2204165,SAMN04009831,SAMN04009831,GCF_000001735.3,REFERENCE/TAIR10_REF.fna
SRR2204166,SAMN04009832,SAMN04009832,GCF_000001735.3,REFERENCE/TAIR10_REF.fna
SRR2204167,SAMN04009833,SAMN04009833,GCF_000001735.3,REFERENCE/TAIR10_REF.fna
SRR2204168,SAMN04009834,SAMN04009834,GCF_000001735.3,REFERENCE/TAIR10_REF.fna
SRR2204169,SAMN04009835,SAMN04009835,GCF_000001735.3,REFERENCE/TAIR10_REF.fna
SRR2204170,SAMN04009836,SAMN04009836,GCF_000001735.3,REFERENCE/TAIR10_REF.fna
SRR2204171,SAMN04009837,SAMN04009837,GCF_000001735.3,REFERENCE/TAIR10_REF.fna
SRR2204172,SAMN04009840,SAMN04009840,GCF_000001735.3,REFERENCE/TAIR10_REF.fna
SRR2204173,SAMN04009841,SAMN04009841,GCF_000001735.3,REFERENCE/TAIR10_REF.fna
SRR2204174,SAMN04009842,SAMN04009842,GCF_000001735.3,REFERENCE/TAIR10_REF.fna
SRR2204175,SAMN04009843,SAMN04009843,GCF_000001735.3,REFERENCE/TAIR10_REF.fna
SRR2204176,SAMN04009845,SAMN04009845,GCF_000001735.3,REFERENCE/TAIR10_REF.fna
SRR2204177,SAMN04009846,SAMN04009846,GCF_000001735.3,REFERENCE/TAIR10_REF.fna
SRR2204179,SAMN04009851,SAMN04009851,GCF_000001735.3,REFERENCE/TAIR10_REF.fna
SRR2204180,SAMN04009853,SAMN04009853,GCF_000001735.3,REFERENCE/TAIR10_REF.fna
SRR2204189,SAMN04009855,SAMN04009855,GCF_000001735.3,REFERENCE/TAIR10_REF.fna
SRR2204238,SAMN04009858,SAMN04009858,GCF_000001735.3,REFERENCE/TAIR10_REF.fna
SRR2204239,SAMN04009861,SAMN04009861,GCF_000001735.3,REFERENCE/TAIR10_REF.fna
SRR2204264,SAMN04009863,SAMN04009863,GCF_000001735.3,REFERENCE/TAIR10_REF.fna
SRR2204313,SAMN04009864,SAMN04009864,GCF_000001735.3,REFERENCE/TAIR10_REF.fna
SRR2204314,SAMN04009865,SAMN04009865,GCF_000001735.3,REFERENCE/TAIR10_REF.fna
SRR2204315,SAMN04009867,SAMN04009867,GCF_000001735.3,REFERENCE/TAIR10_REF.fna
SRR2204316,SAMN04009868,SAMN04009868,GCF_000001735.3,REFERENCE/TAIR10_REF.fna
SRR2204317,SAMN04009871,SAMN04009871,GCF_000001735.3,REFERENCE/TAIR10_REF.fna
SRR2204318,SAMN04009873,SAMN04009873,GCF_000001735.3,REFERENCE/TAIR10_REF.fna
SRR2204319,SAMN04009874,SAMN04009874,GCF_000001735.3,REFERENCE/TAIR10_REF.fna
SRR2204320,SAMN04009876,SAMN04009876,GCF_000001735.3,REFERENCE/TAIR10_REF.fna
SRR2204321,SAMN04009877,SAMN04009877,GCF_000001735.3,REFERENCE/TAIR10_REF.fna
SRR2204322,SAMN04009879,SAMN04009879,GCF_000001735.3,REFERENCE/TAIR10_REF.fna
SRR2204323,SAMN04009880,SAMN04009880,GCF_000001735.3,REFERENCE/TAIR10_REF.fna
SRR2204324,SAMN04009881,SAMN04009881,GCF_000001735.3,REFERENCE/TAIR10_REF.fna
SRR2204325,SAMN04009883,SAMN04009883,GCF_000001735.3,REFERENCE/TAIR10_REF.fna
SRR2204326,SAMN04009884,SAMN04009884,GCF_000001735.3,REFERENCE/TAIR10_REF.fna
SRR2204327,SAMN04009887,SAMN04009887,GCF_000001735.3,REFERENCE/TAIR10_REF.fna
SRR2204328,SAMN04009888,SAMN04009888,GCF_000001735.3,REFERENCE/TAIR10_REF.fna
SRR2204329,SAMN04009889,SAMN04009889,GCF_000001735.3,REFERENCE/TAIR10_REF.fna
SRR2204330,SAMN04009890,SAMN04009890,GCF_000001735.3,REFERENCE/TAIR10_REF.fna
SRR2204331,SAMN04009891,SAMN04009891,GCF_000001735.3,REFERENCE/TAIR10_REF.fna
SRR2204332,SAMN04009892,SAMN04009892,GCF_000001735.3,REFERENCE/TAIR10_REF.fna
SRR2204333,SAMN04009893,SAMN04009893,GCF_000001735.3,REFERENCE/TAIR10_REF.fna
SRR2204334,SAMN04009894,SAMN04009894,GCF_000001735.3,REFERENCE/TAIR10_REF.fna
SRR2204335,SAMN04009895,SAMN04009895,GCF_000001735.3,REFERENCE/TAIR10_REF.fna
SRR2204336,SAMN04009896,SAMN04009896,GCF_000001735.3,REFERENCE/TAIR10_REF.fna
SRR2204337,SAMN04009897,SAMN04009897,GCF_000001735.3,REFERENCE/TAIR10_REF.fna
SRR2204338,SAMN04009898,SAMN04009898,GCF_000001735.3,REFERENCE/TAIR10_REF.fna
SRR2204339,SAMN04009899,SAMN04009899,GCF_000001735.3,REFERENCE/TAIR10_REF.fna
SRR2204340,SAMN04009901,SAMN04009901,GCF_000001735.3,REFERENCE/TAIR10_REF.fna
SRR2204341,SAMN04009900,SAMN04009900,GCF_000001735.3,REFERENCE/TAIR10_REF.fna
SRR2204342,SAMN04009902,SAMN04009902,GCF_000001735.3,REFERENCE/TAIR10_REF.fna
SRR2204343,SAMN04009903,SAMN04009903,GCF_000001735.3,REFERENCE/TAIR10_REF.fna
SRR2204345,SAMN04009904,SAMN04009904,GCF_000001735.3,REFERENCE/TAIR10_REF.fna
SRR2204346,SAMN04009905,SAMN04009905,GCF_000001735.3,REFERENCE/TAIR10_REF.fna
SRR2204347,SAMN04009906,SAMN04009906,GCF_000001735.3,REFERENCE/TAIR10_REF.fna
SRR2204348,SAMN04009907,SAMN04009907,GCF_000001735.3,REFERENCE/TAIR10_REF.fna
SRR2204349,SAMN04009908,SAMN04009908,GCF_000001735.3,REFERENCE/TAIR10_REF.fna
SRR2204350,SAMN04009911,SAMN04009911,GCF_000001735.3,REFERENCE/TAIR10_REF.fna
SRR2204577,SAMN04009910,SAMN04009910,GCF_000001735.3,REFERENCE/TAIR10_REF.fna
SRR2204578,SAMN04009909,SAMN04009909,GCF_000001735.3,REFERENCE/TAIR10_REF.fna
SRR2204579,SAMN04009912,SAMN04009912,GCF_000001735.3,REFERENCE/TAIR10_REF.fna
SRR2204581,SAMN04009913,SAMN04009913,GCF_000001735.3,REFERENCE/TAIR10_REF.fna
SRR2204582,SAMN04009914,SAMN04009914,GCF_000001735.3,REFERENCE/TAIR10_REF.fna
SRR2204583,SAMN04009915,SAMN04009915,GCF_000001735.3,REFERENCE/TAIR10_REF.fna
SRR2204584,SAMN04009916,SAMN04009916,GCF_000001735.3,REFERENCE/TAIR10_REF.fna
SRR2204585,SAMN04009917,SAMN04009917,GCF_000001735.3,REFERENCE/TAIR10_REF.fna
SRR2204586,SAMN04009918,SAMN04009918,GCF_000001735.3,REFERENCE/TAIR10_REF.fna
SRR2204587,SAMN04009919,SAMN04009919,GCF_000001735.3,REFERENCE/TAIR10_REF.fna
SRR2204588,SAMN04009920,SAMN04009920,GCF_000001735.3,REFERENCE/TAIR10_REF.fna
SRR2204589,SAMN04009921,SAMN04009921,GCF_000001735.3,REFERENCE/TAIR10_REF.fna
SRR2204590,SAMN04009922,SAMN04009922,GCF_000001735.3,REFERENCE/TAIR10_REF.fna
SRR2204592,SAMN04009923,SAMN04009923,GCF_000001735.3,REFERENCE/TAIR10_REF.fna
SRR2204626,SAMN04009852,SAMN04009852,GCF_000001735.3,REFERENCE/TAIR10_REF.fna
SRR2204703,SAMN04009870,SAMN04009870,GCF_000001735.3,REFERENCE/TAIR10_REF.fna
SRR2204704,SAMN04009885,SAMN04009885,GCF_000001735.3,REFERENCE/TAIR10_REF.fna
SRR2183387,SAMN04009811,SAMN04009811,GCF_000001735.3,REFERENCE/TAIR10_REF.fna